<?xml version="1.0" encoding="utf-8"?>

<!DOCTYPE html>
<html>

<head>
	<title>CreateDialog</title>
	<meta charset="utf-8">
	<meta name="viewport" content="width=device-width, initial-scale=1">
	<link rel="stylesheet" id="themeJQ" href="../css/themes/default/theme-dark.min.css"/>
	<link rel="stylesheet" href="../css/themes/default/jquery.mobile.structure-1.2.0.min.css"/>
	<link rel="stylesheet" id="themePrism" href="../css/themes/prism/dark.min.css"/>
	<link rel="stylesheet" id="themeDocs" href="../css/docs-dark.min.css"/>

	<script src="../js/energize-min.js"></script>
	<script src="../js/jquery-1.8.1.min.js"></script>
	<script src="../../app.js"></script>
	<script src="../js/common.js"></script>
	<script src="../js/example.js"></script>
	<script src="../js/jquery.mobile-1.2.0.min.js"></script>
</head>

<body>
<div data-role="page" data-theme="a">

	<div data-role="header" data-position="fixed">
		<a href='#' class='ui-btn-left' data-icon='arrow-l' onclick="history.back(); return false">Back</a>
		<h1>CreateDialog</h1>
		<a class="ui-btn-right" data-icon="gear" data-iconpos="notext" onclick="setTheme(getTheme() == 'default' ? 'dark' : 'default')"></a>
	</div>

	<div style="position:fixed; top:40px; width:100%; text-align:center; z-index:1101;">
		<div id="appPopup" class="androidPopup">Hello World</div>
	</div>

	<div data-role="content">

		<div class="samp samp-inline" style="font-size:revert; padding:10px 15px">
		<b>Content:</b><br>
		<span style="display:inline-block;padding-left:2em;">
				- <a href="" onclick="jumpTo('Methods')">Methods</a><br>
			</span><br>
		</div>

		<p>Custom dialogs appear on top of the app and thus can be used to show temporary information or collect data from the user. They are also useful for displaying configuration or settings controls.</p>

		<div class="samp">
		dlg = app.CreateDialog(
			<a href="#pop_std_str" data-transition="pop" data-rel="popup">title</a>,
			<a href="#pop_str_001" data-transition="pop" data-rel="popup">options</a> )
			→ <b>app object:</b> Dialog
		</div>

		<p>Dialogs are resizeable and you can also change the look of them so that they fit in with the theme of your application.<br>
		<br>
		A custom dialog needs a layout to add the controls to. Use the <a href="CreateLayout.htm" data-ajax="false">CreateLayout</a> method of the <strong>app</strong> object to add a layout.</p>

		<div class="samp">
		layDlg <span class="token operator">=</span> app<span class="token punctuation">.</span><span class="token function">CreateLayout</span><span class="token punctuation">(</span> type<span class="token punctuation">,</span> options <span class="token punctuation">)</span><span class="token punctuation">;</span><br>
		dlg<span class="token punctuation">.</span><span class="token function">AddLayout</span><span class="token punctuation">(</span> layDlg <span class="token punctuation">)</span><span class="token punctuation">;</span>
		</div>

		<p>If you have added all your controls to the dialog layout you can use the <strong>Show</strong> method to show the dialog.<br>
		<br>
		Normally the user can cancel the dialog by pressing the <i>BACK</i> button of the device, but you can disable that option by using the <docstr>“NoCancel”</docstr> <strong>option</strong>. In order to close the dialog now, you have to call <strong>Dismiss</strong>.</p>
		<div data-role="collapsible" data-collapsed="true" data-mini="true" data-theme="a" data-content-theme="a">
			<h3>Example - Demo</h3>
			<div id="examp1" style="font-size:70%">
				<span class="token keyword">function</span> <span class="token function">OnStart</span><span class="token punctuation">(</span><span class="token punctuation">)</span><br>
				<span class="token punctuation">{</span><br>
				    <span style="display:inline-block">dlg <span class="token operator">=</span> app<span class="token punctuation">.</span><span class="token function">CreateDialog</span><span class="token punctuation">(</span> <span class="token string">"Custom Dialog"</span> <span class="token punctuation">)</span><span class="token punctuation">;</span></span><br>
				    <br>
				    <span style="display:inline-block">layDlg <span class="token operator">=</span> app<span class="token punctuation">.</span><span class="token function">CreateLayout</span><span class="token punctuation">(</span> <span class="token string">"linear"</span><span class="token punctuation">,</span> <span class="token string">"VCenter,FillXY"</span> <span class="token punctuation">)</span><span class="token punctuation">;</span></span><br>
				    <span style="display:inline-block">layDlg<span class="token punctuation">.</span><span class="token function">SetSize</span><span class="token punctuation">(</span> <span class="token number">0.7</span><span class="token punctuation">,</span> <span class="token number">0.3</span> <span class="token punctuation">)</span><span class="token punctuation">;</span></span><br>
				    <span style="display:inline-block">dlg<span class="token punctuation">.</span><span class="token function">AddLayout</span><span class="token punctuation">(</span> layDlg <span class="token punctuation">)</span><span class="token punctuation">;</span></span><br>
				    <br>
				    <span style="display:inline-block">chk <span class="token operator">=</span> app<span class="token punctuation">.</span><span class="token function">CreateCheckBox</span><span class="token punctuation">(</span> <span class="token string">"Check Box"</span> <span class="token punctuation">)</span><span class="token punctuation">;</span></span><br>
				    <span style="display:inline-block">chk<span class="token punctuation">.</span><span class="token function">SetMargins</span><span class="token punctuation">(</span> <span class="token number">0</span><span class="token punctuation">,</span> <span class="token number">0.02</span><span class="token punctuation">,</span> <span class="token number">0</span><span class="token punctuation">,</span> <span class="token number">0.02</span> <span class="token punctuation">)</span><span class="token punctuation">;</span></span><br>
				    <span style="display:inline-block">layDlg<span class="token punctuation">.</span><span class="token function">AddChild</span><span class="token punctuation">(</span> chk <span class="token punctuation">)</span><span class="token punctuation">;</span></span><br>
				    <br>
				    <span style="display:inline-block">btnDlg <span class="token operator">=</span> app<span class="token punctuation">.</span><span class="token function">CreateButton</span><span class="token punctuation">(</span> <span class="token string">"Close Dialog"</span><span class="token punctuation">,</span> <span class="token number">0.6</span><span class="token punctuation">,</span> <span class="token number">0.1</span> <span class="token punctuation">)</span><span class="token punctuation">;</span></span><br>
				    <span style="display:inline-block">btnDlg<span class="token punctuation">.</span><span class="token function">SetOnTouch</span><span class="token punctuation">(</span> btnDlg_OnTouch <span class="token punctuation">)</span><span class="token punctuation">;</span></span><br>
				    <span style="display:inline-block">layDlg<span class="token punctuation">.</span><span class="token function">AddChild</span><span class="token punctuation">(</span> btnDlg <span class="token punctuation">)</span><span class="token punctuation">;</span></span><br>
				    <br>
				    <span style="display:inline-block">dlg<span class="token punctuation">.</span><span class="token function">Show</span><span class="token punctuation">(</span><span class="token punctuation">)</span><span class="token punctuation">;</span></span><br>
				<span class="token punctuation">}</span><br>
				<br>
				<span class="token keyword">function</span> <span class="token function">btnDlg_OnTouch</span><span class="token punctuation">(</span><span class="token punctuation">)</span><br>
				<span class="token punctuation">{</span><br>
				    <span style="display:inline-block">dlg<span class="token punctuation">.</span><span class="token function">Dismiss</span><span class="token punctuation">(</span><span class="token punctuation">)</span><span class="token punctuation">;</span></span><br>
				<span class="token punctuation">}</span>
			</div>
			<div name="divCopy" align="right">
			<a href="#" data-role="button" data-mini="true" data-inline="true" onclick="copy( examp1 )">Copy All</a>
			<a href="#" data-role="button" data-mini="true" data-inline="true" onclick="demo( examp1 )">      Run      </a>
			</div>
		</div>


		<h3>Methods</h3>
		<p>The following methods are available on the <strong>Dialog</strong> object:</p>

		<div class="samp">
			<a href="#pop_dsc_001" data-transition="pop" data-rel="popup">AddLayout</a>(
			<a href="#pop_dso_001" data-transition="pop" data-rel="popup">layout</a> )
		</div>
		<div class="samp">
			<a href="#pop_dsc_002" data-transition="pop" data-rel="popup" class="baseFunc">AdjustColor</a>(
			<a href="#pop_num_001" data-transition="pop" data-rel="popup">hue</a>,
			<a href="#pop_num_002" data-transition="pop" data-rel="popup">saturation</a>,
			<a href="#pop_num_002" data-transition="pop" data-rel="popup">brightness</a>,
			<a href="#pop_num_004" data-transition="pop" data-rel="popup">contrast</a> )
		</div>
		<div class="samp">
			<a href="#pop_dsc_003" data-transition="pop" data-rel="popup" class="baseFunc">ClearFocus</a>()
		</div>
		<div class="samp">
			<a href="#pop_dsc_004" data-transition="pop" data-rel="popup">Dismiss</a>()
		</div>
		<div class="samp">
			<a href="#pop_dsc_005" data-transition="pop" data-rel="popup">EnableBackKey</a>(
			<a href="#pop_std_bin" data-transition="pop" data-rel="popup">enable</a> )
		</div>
		<div class="samp">
			<a href="#pop_dsc_006" data-transition="pop" data-rel="popup" class="baseFunc">Focus</a>()
		</div>
		<div class="samp">
			<a href="#pop_dsc_007" data-transition="pop" data-rel="popup" class="baseFunc">GetAbsHeight</a>() → <b>number:</b> <i>integer</i>
		</div>
		<div class="samp">
			<a href="#pop_dsc_008" data-transition="pop" data-rel="popup" class="baseFunc">GetAbsWidth</a>() → <b>number:</b> <i>integer</i>
		</div>
		<div class="samp">
			<a href="#pop_dsc_009" data-transition="pop" data-rel="popup" class="baseFunc">GetHeight</a>(
			<a href="#pop_str_002" data-transition="pop" data-rel="popup">options</a> )
			→ <b>number</b>
		</div>
		<div class="samp">
			<a href="#pop_dsc_00a" data-transition="pop" data-rel="popup" class="baseFunc">GetLeft</a>(
			<a href="#pop_str_002" data-transition="pop" data-rel="popup">options</a> )
			→ <b>number</b>
		</div>
		<div class="samp">
			<a href="#pop_dsc_00b" data-transition="pop" data-rel="popup" class="baseFunc">GetParent</a>() → <b>app object</b>
		</div>
		<div class="samp">
			<a href="#pop_dsc_00c" data-transition="pop" data-rel="popup" class="baseFunc">GetPosition</a>(
			<a href="#pop_str_004" data-transition="pop" data-rel="popup">options</a> )
			→ <b>object:</b> {
			<a href="#pop_std_num" data-transition="pop" data-rel="popup">left</a>,
			<a href="#pop_std_num" data-transition="pop" data-rel="popup">top</a>,
			<a href="#pop_std_num" data-transition="pop" data-rel="popup">right</a>,
			<a href="#pop_std_num" data-transition="pop" data-rel="popup">bottom</a> }
		</div>
		<div class="samp">
			<a href="#pop_dsc_00d" data-transition="pop" data-rel="popup" class="baseFunc">GetTop</a>(
			<a href="#pop_str_002" data-transition="pop" data-rel="popup">options</a> )
			→ <b>number</b>
		</div>
		<div class="samp">
			<a href="#pop_dsc_00e" data-transition="pop" data-rel="popup">GetType</a>() → <b>string:</b> <docstr>“Dialog”</docstr>
		</div>
		<div class="samp">
			<a href="#pop_dsc_00f" data-transition="pop" data-rel="popup" class="baseFunc">GetVisibility</a>() → <b>string:</b> <docstr>“Show”</docstr> or <docstr>“Hide”</docstr> or <docstr>“Gone”</docstr>
		</div>
		<div class="samp">
			<a href="#pop_dsc_010" data-transition="pop" data-rel="popup" class="baseFunc">GetWidth</a>(
			<a href="#pop_str_002" data-transition="pop" data-rel="popup">options</a> )
			→ <b>number</b>
		</div>
		<div class="samp">
			<a href="#pop_dsc_011" data-transition="pop" data-rel="popup" class="baseFunc">Gone</a>()
		</div>
		<div class="samp">
			<a href="#pop_dsc_012" data-transition="pop" data-rel="popup" class="baseFunc">Hide</a>()
		</div>
		<div class="samp">
			<a href="#pop_dsc_013" data-transition="pop" data-rel="popup" class="baseFunc">IsEnabled</a>() → <b>boolean</b>
		</div>
		<div class="samp">
			<a href="#pop_dsc_014" data-transition="pop" data-rel="popup">IsOverlap</a>(
			<a href="#pop_std_dso" data-transition="pop" data-rel="popup">obj</a>,
			<a href="#pop_num_frc" data-transition="pop" data-rel="popup">depth</a> )
			→ <b>boolean</b>
		</div>
		<div class="samp">
			<a href="#pop_dsc_015" data-transition="pop" data-rel="popup" class="baseFunc">IsVisible</a>() → <b>boolean</b>
		</div>
		<div class="samp">
			<a href="#pop_dsc_016" data-transition="pop" data-rel="popup" class="premHint">Method</a>(
			<a href="#pop_std_str" data-transition="pop" data-rel="popup">name</a>,
			<a href="#pop_lst_001" data-transition="pop" data-rel="popup">types</a>,
			<a href="#pop_std_str" data-transition="pop" data-rel="popup">p1</a>,
			<a href="#pop_std_str" data-transition="pop" data-rel="popup">p2</a>,
			<a href="#pop_std_str" data-transition="pop" data-rel="popup">p3</a>,
			<a href="#pop_std_str" data-transition="pop" data-rel="popup">p4</a> )
			→ <b>all types</b>
		</div>
		<div class="samp">
			<a href="#pop_dsc_017" data-transition="pop" data-rel="popup">RemoveLayout</a>(
			<a href="#pop_dso_001" data-transition="pop" data-rel="popup">layout</a> )
		</div>
		<div class="samp">
			<a href="#pop_dsc_018" data-transition="pop" data-rel="popup" class="baseFunc">SetBackAlpha</a>(
			<a href="#pop_num_005" data-transition="pop" data-rel="popup">alpha</a> )
		</div>
		<div class="samp">
			<a href="#pop_dsc_019" data-transition="pop" data-rel="popup" class="baseFunc">SetBackColor</a>(
			<a href="#pop_str_col" data-transition="pop" data-rel="popup">color</a> )
		</div>
		<div class="samp">
			<a href="#pop_dsc_01a" data-transition="pop" data-rel="popup" class="baseFunc">SetBackGradient</a>(
			<a href="#pop_str_col" data-transition="pop" data-rel="popup">color1</a>,
			<a href="#pop_str_col" data-transition="pop" data-rel="popup">color2</a>,
			<a href="#pop_std_ukn" data-transition="pop" data-rel="popup">color3</a>,
			<a href="#pop_str_007" data-transition="pop" data-rel="popup">options</a> )
		</div>
		<div class="samp">
			<a href="#pop_dsc_01b" data-transition="pop" data-rel="popup" class="baseFunc">SetBackGradientRadial</a>(
			<a href="#pop_num_frc" data-transition="pop" data-rel="popup">x</a>,
			<a href="#pop_num_frc" data-transition="pop" data-rel="popup">y</a>,
			<a href="#pop_num_frc" data-transition="pop" data-rel="popup">radius</a>,
			<a href="#pop_str_col" data-transition="pop" data-rel="popup">color1</a>,
			<a href="#pop_str_col" data-transition="pop" data-rel="popup">color2</a>,
			<a href="#pop_std_ukn" data-transition="pop" data-rel="popup">color3</a>,
			<a href="#pop_str_com" data-transition="pop" data-rel="popup">options</a> )
		</div>
		<div class="samp">
			<a href="#pop_dsc_01c" data-transition="pop" data-rel="popup" class="baseFunc">SetBackground</a>(
			<a href="#pop_str_pth" data-transition="pop" data-rel="popup">file</a>,
			<a href="#pop_str_008" data-transition="pop" data-rel="popup">options</a> )
		</div>
		<div class="samp">
			<a href="#pop_dsc_01d" data-transition="pop" data-rel="popup" class="baseFunc">SetColorFilter</a>(
			<a href="#pop_str_col" data-transition="pop" data-rel="popup">color</a>,
			<a href="#pop_str_009" data-transition="pop" data-rel="popup">mode</a> )
		</div>
		<div class="samp">
			<a href="#pop_dsc_01e" data-transition="pop" data-rel="popup" class="baseFunc">SetEnabled</a>(
			<a href="#pop_std_bin" data-transition="pop" data-rel="popup">enable</a> )
		</div>
		<div class="samp">
			<a href="#pop_dsc_01f" data-transition="pop" data-rel="popup" class="baseFunc">SetMargins</a>(
			<a href="#pop_std_num" data-transition="pop" data-rel="popup">left</a>,
			<a href="#pop_std_num" data-transition="pop" data-rel="popup">top</a>,
			<a href="#pop_std_num" data-transition="pop" data-rel="popup">right</a>,
			<a href="#pop_num_frc" data-transition="pop" data-rel="popup">bottom</a>,
			<a href="#pop_str_00a" data-transition="pop" data-rel="popup">mode</a> )
		</div>
		<div class="samp">
			<a href="#pop_dsc_020" data-transition="pop" data-rel="popup">SetOnBack</a>(
			<a href="#pop_fnc_001" data-transition="pop" data-rel="popup">callback</a> )
		</div>
		<div class="samp">
			<a href="#pop_dsc_021" data-transition="pop" data-rel="popup">SetOnCancel</a>(
			<a href="#pop_fnc_001" data-transition="pop" data-rel="popup">callback</a> )
		</div>
		<div class="samp">
			<a href="#pop_dsc_022" data-transition="pop" data-rel="popup">SetOnTouch</a>(
			<a href="#pop_fnc_002" data-transition="pop" data-rel="popup">callback</a> )
		</div>
		<div class="samp">
			<a href="#pop_dsc_023" data-transition="pop" data-rel="popup" class="baseFunc">SetPadding</a>(
			<a href="#pop_std_num" data-transition="pop" data-rel="popup">left</a>,
			<a href="#pop_std_num" data-transition="pop" data-rel="popup">top</a>,
			<a href="#pop_std_num" data-transition="pop" data-rel="popup">right</a>,
			<a href="#pop_num_frc" data-transition="pop" data-rel="popup">bottom</a>,
			<a href="#pop_str_00a" data-transition="pop" data-rel="popup">mode</a> )
		</div>
		<div class="samp">
			<a href="#pop_dsc_024" data-transition="pop" data-rel="popup" class="baseFunc">SetPosition</a>(
			<a href="#pop_std_num" data-transition="pop" data-rel="popup">left</a>,
			<a href="#pop_std_num" data-transition="pop" data-rel="popup">top</a>,
			<a href="#pop_std_num" data-transition="pop" data-rel="popup">width</a>,
			<a href="#pop_std_num" data-transition="pop" data-rel="popup">height</a>,
			<a href="#pop_str_002" data-transition="pop" data-rel="popup">options</a> )
		</div>
		<div class="samp">
			<a href="#pop_dsc_025" data-transition="pop" data-rel="popup" class="baseFunc">SetScale</a>(
			<a href="#pop_num_fac" data-transition="pop" data-rel="popup">x</a>,
			<a href="#pop_num_fac" data-transition="pop" data-rel="popup">y</a> )
		</div>
		<div class="samp">
			<a href="#pop_dsc_026" data-transition="pop" data-rel="popup" class="baseFunc">SetSize</a>(
			<a href="#pop_std_num" data-transition="pop" data-rel="popup">width</a>,
			<a href="#pop_std_num" data-transition="pop" data-rel="popup">height</a>,
			<a href="#pop_str_00d" data-transition="pop" data-rel="popup">options</a> )
		</div>
		<div class="samp">
			<a href="#pop_dsc_027" data-transition="pop" data-rel="popup">SetTitle</a>(
			<a href="#pop_std_str" data-transition="pop" data-rel="popup">title</a> )
		</div>
		<div class="samp">
			<a href="#pop_dsc_028" data-transition="pop" data-rel="popup" class="baseFunc">SetVisibility</a>(
			<a href="#pop_str_00e" data-transition="pop" data-rel="popup">mode</a> )
		</div>
		<div class="samp">
			<a href="#pop_dsc_029" data-transition="pop" data-rel="popup" class="baseFunc">Show</a>()
		</div>
		<div class="samp">
			<a href="#pop_dsc_02a" data-transition="pop" data-rel="popup" class="baseFunc">Tween</a>(
			<a href="#pop_obj_002" data-transition="pop" data-rel="popup">target</a>,
			<a href="#pop_num_mls" data-transition="pop" data-rel="popup">duration</a>,
			<a href="#pop_str_00f" data-transition="pop" data-rel="popup">type</a>,
			<a href="#pop_num_int" data-transition="pop" data-rel="popup">repeat</a>,
			<a href="#pop_std_bin" data-transition="pop" data-rel="popup">yoyo</a>,
			<a href="#pop_fnc_001" data-transition="pop" data-rel="popup">callback</a> )
		</div>

	</div>

	<div data-role="popup" id="pop_std_bin" class="ui-content"><b>boolean</b></div>
	<div data-role="popup" id="pop_std_dso" class="ui-content"><b>app object</b></div>
	<div data-role="popup" id="pop_std_num" class="ui-content"><b>number</b></div>
	<div data-role="popup" id="pop_std_str" class="ui-content"><b>string</b></div>
	<div data-role="popup" id="pop_std_ukn" class="ui-content"><b>unknown</b></div>
	<div data-role="popup" id="pop_num_fac" class="ui-content"><b>number:</b> <i>factor</i></div>
	<div data-role="popup" id="pop_num_frc" class="ui-content"><b>number:</b> <i>fraction (0..1)</i></div>
	<div data-role="popup" id="pop_num_int" class="ui-content"><b>number:</b> <i>integer</i></div>
	<div data-role="popup" id="pop_num_mls" class="ui-content"><b>number:</b> <i>milliseconds</i></div>
	<div data-role="popup" id="pop_num_001" class="ui-content"><b>number:</b> -180..180</div>
	<div data-role="popup" id="pop_num_002" class="ui-content"><b>number:</b> -100..100</div>
	<div data-role="popup" id="pop_num_004" class="ui-content"><b>number:</b> 0..100</div>
	<div data-role="popup" id="pop_num_005" class="ui-content"><b>number:</b> 0..0.99 or 1..256</div>
	<div data-role="popup" id="pop_str_col" class="ui-content"><b>string:</b> <i><br>  hexadecimal: <docstr>“#rrggbb”</docstr>, <docstr>“#aarrggbb”</docstr><br>  colourName: <docstr>“red”</docstr>, <docstr>“green”</docstr>, ...</i></div>
	<div data-role="popup" id="pop_str_com" class="ui-content"><b>string:</b> <i>comma <docstr>“,”</docstr> separated</i></div>
	<div data-role="popup" id="pop_str_pth" class="ui-content"><b>string:</b> <i>path to file or folder ( <docstr>“/absolute/...”</docstr> or <docstr>“relative/...”</docstr> )</i></div>
	<div data-role="popup" id="pop_str_001" class="ui-content"><b>string:</b> <i>comma <docstr>“,”</docstr> separated:</i> <docstr>“AutoCancel”</docstr> or <docstr>“NoCancel”</docstr>, <docstr>“NoTitle”</docstr>, <docstr>“NoFocus”</docstr>, <docstr>“NoDim”</docstr>, <docstr>“NoKeys”</docstr>, <docstr>“TouchModal”</docstr>, <docstr>“NoTouch”</docstr></div>
	<div data-role="popup" id="pop_str_002" class="ui-content"><b>string:</b> <docstr>“px”</docstr></div>
	<div data-role="popup" id="pop_str_004" class="ui-content"><b>string:</b> <docstr>“screen”</docstr>, <docstr>“px”</docstr></div>
	<div data-role="popup" id="pop_str_007" class="ui-content"><b>string:</b> <docstr>“left-right”</docstr> or <docstr>“right-left”</docstr> or <docstr>“top-bottom”</docstr> or <docstr>“bottom-top”</docstr> or <docstr>“bl-tr”</docstr> or <docstr>“br-tl”</docstr> or <docstr>“tl-br”</docstr> or <docstr>“tr-bl”</docstr></div>
	<div data-role="popup" id="pop_str_008" class="ui-content"><b>string:</b> <docstr>“repeat”</docstr></div>
	<div data-role="popup" id="pop_str_009" class="ui-content"><b>string:</b> <docstr>“Add”</docstr> or <docstr>“Multiply”</docstr> or <docstr>“clear”</docstr> or <docstr>“darken”</docstr> or <docstr>“lighten”</docstr> or <docstr>“overlay”</docstr> or <docstr>“screen”</docstr> or <docstr>“xor”</docstr> or <docstr>“src_in”</docstr> or <docstr>“src_out”</docstr> or <docstr>“src_atop”</docstr> or <docstr>“src_over”</docstr> or <docstr>“dst_in”</docstr> or <docstr>“dst_out”</docstr> or <docstr>“dst_atop”</docstr> or <docstr>“dst_over”</docstr></div>
	<div data-role="popup" id="pop_str_00a" class="ui-content"><b>string:</b> <docstr>“px”</docstr> or <docstr>“sp”</docstr> or <docstr>“dip”</docstr> or <docstr>“mm”</docstr> or <docstr>“pt”</docstr></div>
	<div data-role="popup" id="pop_str_00d" class="ui-content"><b>string:</b> <docstr>“px”</docstr> or <docstr>“sp”</docstr> or <docstr>“dip”</docstr> or <docstr>“dp”</docstr> or <docstr>“mm”</docstr> or <docstr>“pt”</docstr></div>
	<div data-role="popup" id="pop_str_00e" class="ui-content"><b>string:</b> <docstr>“Show”</docstr> or <docstr>“Hide”</docstr> or <docstr>“Gone”</docstr></div>
	<div data-role="popup" id="pop_str_00f" class="ui-content"><b>string:</b> <docstr>“Linear.None”</docstr> or <docstr>“Quadratic.In/Out”</docstr> or <docstr>“Cubic.In/Out”</docstr> or <docstr>“Quartic.In/Out”</docstr> or <docstr>“Quintic.In/Out”</docstr> or <docstr>“Sinusoidal.In/Out”</docstr> or <docstr>“Exponential.In/Out”</docstr> or <docstr>“Circular.In/Out”</docstr> or <docstr>“Elastic.In/Out”</docstr> or <docstr>“Back.In/Out”</docstr> or <docstr>“Bounce.In/Out”</docstr></div>
	<div data-role="popup" id="pop_obj_001" class="ui-content"><b>object:</b> { <a href="" onclick="app.ShowPopup('app object')">source</a>, <a href="" onclick="app.ShowPopup('string: “Down” or “Move” or “Up”')">action</a>, <a href="" onclick="app.ShowPopup('number: integer')">count</a>, x: [ <a href="" onclick="app.ShowPopup('number: fraction (0..1)')">x1</a>, <a href="" onclick="app.ShowPopup('number: fraction (0..1)')">x2</a>, <a href="" onclick="app.ShowPopup('number: fraction (0..1)')">x3</a> ], y: [ <a href="" onclick="app.ShowPopup('number: fraction (0..1)')">y1</a>, <a href="" onclick="app.ShowPopup('number: fraction (0..1)')">y2</a>, <a href="" onclick="app.ShowPopup('number: fraction (0..1)')">y3</a> ] }</div>
	<div data-role="popup" id="pop_obj_002" class="ui-content"><b>object:</b> { <a href="" onclick="app.ShowPopup('number: fraction (0..1)')">x</a>, <a href="" onclick="app.ShowPopup('number: fraction (0..1)')">y</a>, <a href="" onclick="app.ShowPopup('number: fraction (0..1)')">w</a>, <a href="" onclick="app.ShowPopup('number: fraction (0..1)')">w</a>, <a href="" onclick="app.ShowPopup('number: fraction (0..1): horizontal scale')">sw</a>, <a href="" onclick="app.ShowPopup('number: fraction (0..1): vertical scale')">sh</a>, <a href="" onclick="app.ShowPopup('number: angle in degrees (0..360)')">rot</a> }</div>
	<div data-role="popup" id="pop_dso_001" class="ui-content"><b>app object:</b> <a href="CreateLayout.htm" data-ajax="false">Layout</a></div>
	<div data-role="popup" id="pop_lst_001" class="ui-content"><b>list:</b> boolean,char,byte,short,int,long,float,double,String,CharSequence,...</div>
	<div data-role="popup" id="pop_fnc_001" class="ui-content"><b>function</b>()</div>
	<div data-role="popup" id="pop_fnc_002" class="ui-content"><b>function</b>(
		<a href="" onclick="switchPopup(this, '#pop_obj_001')" data-transition="pop" data-rel="popup">event</a>
	)</div>
	<div data-role="popup" id="pop_dsc_001" class="ui-content"><b>dlg.AddLayout</b><br>Add the content layout to the dialog.</div>
	<div data-role="popup" id="pop_dsc_002" class="ui-content"><b>dlg.AdjustColor</b><br>Adjust the visual color effect of the control by setting the Hue (by angle in degrees in a color circle), the saturation, brightness and contrast of the control.</div>
	<div data-role="popup" id="pop_dsc_003" class="ui-content"><b>dlg.ClearFocus</b><br>Removes the focus of the control so that the user no longer has immediate access to it.</div>
	<div data-role="popup" id="pop_dsc_004" class="ui-content"><b>dlg.Dismiss</b><br>Hide the control and remove it from the screen.</div>
	<div data-role="popup" id="pop_dsc_005" class="ui-content"><b>dlg.EnableBackKey</b><br>En/Disables the device back key to hide the dialog.</div>
	<div data-role="popup" id="pop_dsc_006" class="ui-content"><b>dlg.Focus</b><br>Set the focus to the control so that the user can interact with it immediately.</div>
	<div data-role="popup" id="pop_dsc_007" class="ui-content"><b>dlg.GetAbsHeight</b><br>Get the absolute height of the control in pixels.</div>
	<div data-role="popup" id="pop_dsc_008" class="ui-content"><b>dlg.GetAbsWidth</b><br>Get the absolute width of the control in pixels.</div>
	<div data-role="popup" id="pop_dsc_009" class="ui-content"><b>dlg.GetHeight</b><br>Get the height of the control as screen height relative float or in pixels with the <strong>px</strong> option.</div>
	<div data-role="popup" id="pop_dsc_00a" class="ui-content"><b>dlg.GetLeft</b><br>Get the distance from the control to the left parent border as width relative float or in pixels with the <strong>px</strong> option.</div>
	<div data-role="popup" id="pop_dsc_00b" class="ui-content"><b>dlg.GetParent</b><br>Returns the parent control object where the object was added to - commonly a layout.</div>
	<div data-role="popup" id="pop_dsc_00c" class="ui-content"><b>dlg.GetPosition</b><br>Returns data about the position and size of the control.<br>If the <strong>screen</strong> option is given the position on the screen will be returned. Otherwise relative to the parent control.<br>The <strong>px</strong> options turns the relative values into pixels.</div>
	<div data-role="popup" id="pop_dsc_00d" class="ui-content"><b>dlg.GetTop</b><br>Get the distance from the control to the upper parent border as height relative float or in pixels with the <strong>px</strong> option.</div>
	<div data-role="popup" id="pop_dsc_00e" class="ui-content"><b>dlg.GetType</b><br>Returns the control class name.</div>
	<div data-role="popup" id="pop_dsc_00f" class="ui-content"><b>dlg.GetVisibility</b><br>Returns the current visibility state of the control. The Values are:<br><strong>Show</strong>: visible<br><strong>Hide</strong>: invisible but still consuming space<br><strong>Gone</strong>: invisible and not consuming space</div>
	<div data-role="popup" id="pop_dsc_010" class="ui-content"><b>dlg.GetWidth</b><br>Get the width of the control as screen width relative float or in pixels with the <strong>px</strong> option.</div>
	<div data-role="popup" id="pop_dsc_011" class="ui-content"><b>dlg.Gone</b><br>Hides the control without consuming any more layout space as if it were never there.</div>
	<div data-role="popup" id="pop_dsc_012" class="ui-content"><b>dlg.Hide</b><br>Hide the control but keep the layout space free.</div>
	<div data-role="popup" id="pop_dsc_013" class="ui-content"><b>dlg.IsEnabled</b><br>Returns whether the control is currently useable by the user.</div>
	<div data-role="popup" id="pop_dsc_014" class="ui-content"><b>dlg.IsOverlap</b><br>Returns whether the control overlaps with another by a given distance.</div>
	<div data-role="popup" id="pop_dsc_015" class="ui-content"><b>dlg.IsVisible</b><br>Returns whether the control is currently visible to the user, ignoring overlaying controls.</div>
	<div data-role="popup" id="pop_dsc_016" class="ui-content"><b>dlg.Method</b><br>Allows access to other functions defined on the object in Java via reflection.<br><br><div class='premHint'><strong>Note: This function is a premium feature. Please consider subscribing to Premium to use this feature and support DroidScript in its further development.</strong></div></div>
	<div data-role="popup" id="pop_dsc_017" class="ui-content"><b>dlg.RemoveLayout</b><br>Removes a content layout.</div>
	<div data-role="popup" id="pop_dsc_018" class="ui-content"><b>dlg.SetBackAlpha</b><br>Set the transparency of the background by an alpha value between <b>0</b> (<i>no transparency</i>) and <b>0.99</b> (<i>full transparent</i>) or <b>1</b> (<i>no transparency</i>) and <b>256</b> (<i>full transparent</i>)</div>
	<div data-role="popup" id="pop_dsc_019" class="ui-content"><b>dlg.SetBackColor</b><br>Changes the background color of the control.</div>
	<div data-role="popup" id="pop_dsc_01a" class="ui-content"><b>dlg.SetBackGradient</b><br>Define the background color of the control with a gradient. The default gradient direction is from top to bottom, but you can change it from left to right and the reversed versions of course.</div>
	<div data-role="popup" id="pop_dsc_01b" class="ui-content"><b>dlg.SetBackGradientRadial</b><br>Define a radial color gradient for the background of control.</div>
	<div data-role="popup" id="pop_dsc_01c" class="ui-content"><b>dlg.SetBackground</b><br>Changes the background to an image which can be repeated using the <strong>repeat</strong> option.<br>An image which is often used with that option is '/res/drawable/pattern_carbon' - try it out!</div>
	<div data-role="popup" id="pop_dsc_01d" class="ui-content"><b>dlg.SetColorFilter</b><br>Adjust the visual color effect with a color and a given BlendMode. More information about BlendMode can be found in the <a href="https://developer.android.com/reference/android/graphics/BlendMode.html" onclick="return OpenUrl(this.href);">Android Developer page</a>.</div>
	<div data-role="popup" id="pop_dsc_01e" class="ui-content"><b>dlg.SetEnabled</b><br>En/Disable the control physically and visually so that the user can/can not access the control. Events like OnTouch will still be fired.</div>
	<div data-role="popup" id="pop_dsc_01f" class="ui-content"><b>dlg.SetMargins</b><br>Define a distance to other controls on each side of the control.</div>
	<div data-role="popup" id="pop_dsc_020" class="ui-content"><b>dlg.SetOnBack</b><br>Define a callback function which is called when the device's back button was pressed while the dialog was on front.</div>
	<div data-role="popup" id="pop_dsc_021" class="ui-content"><b>dlg.SetOnCancel</b><br>Define a callback function which is called when the dialog is cancelled.</div>
	<div data-role="popup" id="pop_dsc_022" class="ui-content"><b>dlg.SetOnTouch</b><br>Define a callback function that is called when the user touches the control. In addition, an <strong>event</strong> object is passed to the callback function to obtain information about the touch <strong>type</strong>, the touch <strong>position(s)</strong>, the <strong>amount</strong> of touches and the <strong>control</strong> that was touched.</div>
	<div data-role="popup" id="pop_dsc_023" class="ui-content"><b>dlg.SetPadding</b><br>Define distances that elements within the control are to maintain from the control borders.</div>
	<div data-role="popup" id="pop_dsc_024" class="ui-content"><b>dlg.SetPosition</b><br>Defines the position and size for the control if the parent is an absolute layout.</div>
	<div data-role="popup" id="pop_dsc_025" class="ui-content"><b>dlg.SetScale</b><br>Scales the control along with its contents by the factors passed to the function.</div>
	<div data-role="popup" id="pop_dsc_026" class="ui-content"><b>dlg.SetSize</b><br>Change the size of the control in either screen relative values or in pixels if the <strong>px</strong> option was given.</div>
	<div data-role="popup" id="pop_dsc_027" class="ui-content"><b>dlg.SetTitle</b><br>Changes the title of the dialog.</div>
	<div data-role="popup" id="pop_dsc_028" class="ui-content"><b>dlg.SetVisibility</b><br>Change the visibility of the control to one of the available modes:<br><strong>Show:</strong> visible<br><strong>Hide:</strong> invisible but still consuming space<br><strong>Gone:</strong> invisible and not consuming space</div>
	<div data-role="popup" id="pop_dsc_029" class="ui-content"><b>dlg.Show</b><br>Set the visibility of the control to <docstr>“Show”</docstr>.</div>
	<div data-role="popup" id="pop_dsc_02a" class="ui-content"><b>dlg.Tween</b><br>Performs an animation on the control.<br>The <strong>target</strong> object is for the position, size and rotation that the control has at the end of the animation.<br><br>The <strong>type</strong> specifies the behavior and the speed of the animation. Separated by a dot, you must also specify whether you want to apply this behavior to the beginning (In), end (Out), or to both (InOut) times of the animation.<br><br>With the amount of <strong>repeat</strong>s you can control how many times you want to play the animation.<br><br>If you have <strong>jojo</strong> activated, the animation will alternate between forward and backward playback, so that if the repetition value is odd, the control will be at the start position again at the end of the animation.<br><br>Finally the <strong>callback</strong> function will be called after the animation has finished. Well, it's about time!</div>
</div>
</body>

</html>
