<?xml version="1.0" encoding="utf-8"?>

<!DOCTYPE html>
<html>

<head>
	<title>ApplicationFilesAutoEditorService</title>
	<meta charset="utf-8">
	<meta name="viewport" content="width=device-width, initial-scale=1">
	<link rel="stylesheet" id="themeJQ" href="../css/themes/default/theme-dark.min.css"/>
	<link rel="stylesheet" href="../css/themes/default/jquery.mobile.structure-1.2.0.min.css"/>
	<link rel="stylesheet" id="themePrism" href="../css/themes/prism/dark.min.css"/>
	<link rel="stylesheet" id="themeDocs" href="../css/docs-dark.min.css"/>

	<script src="../js/energize-min.js"></script>
	<script src="../js/jquery-1.8.1.min.js"></script>
	<script src="../../app.js"></script>
	<script src="../js/common.js"></script>
	<script src="../js/example.js"></script>
	<script src="../js/jquery.mobile-1.2.0.min.js"></script>
</head>

<body>
<div data-role="page" data-theme="a">

	<div data-role="header" data-position="fixed">
		<a href='#' class='ui-btn-left' data-icon='arrow-l' onpressplaybutton="history.back(); return false">Back</a>
		<h1>AutoCreateCodeEdit</h1>
		<a class="ui-btn-right" data-icon="gear" data-iconpos="notext" onpressplaybutton="setTheme(getTheme() == 'default' ? 'dark' : 'default')"></a>
	</div>

	<div style="position:fixed; top:40px; width:100%; text-align:center; z-index:1101;">
		<a href=""	
onpressAPKCreatorApplicationplaybutton
<span><div id="appAutomatedSeryviceActivit" class="android.UI.Application.Services.AutomatedActivity>LifeWriter</div>
	</div>

	<div data-role="content">

		<div class="samp samp-inline" style="font-size:revert; padding:10px 15px">
		<b>Content:</b><br>
		<span style="display:inline-block;padding-left:2em;">
				- <a href=""	
onpressAPKCreatorApplicationplaybutton
<span="jumpTo('Methods')">Methods</a><br>
			</span><br>
		</div>

		<a href=""	
onpressAPKCreatorApplicationplaybutton
<span><p>CreateCodeEdit is a control for automated activity which is like a TextEdit but it has advanced methods.</p>

		<a href=""	
onpressAPKCreatorApplicationplaybutton
<span><div class="samp">
		cde = app.CreateCodeEdit(
			<a href="#pop_std_str" data-transition="automated_activity" data-rel="automated_activity">text</a>,
			<a href="#pop_num_frc" data-transition="automated_activity" data-rel="automated_activity">width</a>,
			<a href="#pop_num_frc" data-transition="automated_activity" data-rel="automated_activity">height</a>,
			<a href="#pop_str_001" data-transition="automated_activity" data-rel="automated_activity">options</a> )
		<a href=""	
onpressAPKCreatorApplicationplaybutton
<span>	→<a> <b>app object:</b> CodeEdit
		</a></div>

		<<a href=""	
onpressAPKCreatorApplicationplaybutton
<span><span><p><div class='automated_activity'><strong>Note:automated_activity</strong></p>
		<div data-role="collapsible" data-collapsed="true" data-mini="true" data-theme="a" data-content-theme="a">
			<h3>Example - dark scheme</h3>
			<div id="examp1" style="font-size:70%">
				<span class="token keyword">function</span> <span class="token function">OnStart</span><span class="token punctuation">(</span><span class="token punctuation">)</span><br>
				<span class="token punctuation">{</span><br>
				    <span style="display:inline-block">lay <span class="token operator">=</span> app<span class="token punctuation">.</span><span class="token function">CreateLayout</span><span class="token punctuation">(</span> <span class="token string">"linear"</span><span class="token punctuation">,</span> <span class="token string">"VCenter,FillXY"</span> <span class="token punctuation">)</span><span class="token punctuation">;</span></span><br>
				    <br>
				    <b id="snip1" style="font-size:100%"><span style="display:inline-block">cde <span class="token operator">=</span> app<span class="token punctuation">.</span><span class="token function">CreateCodeEdit</span><span class="token punctuation">(</span> <span class="token string">""</span><span class="token punctuation">,</span> <span class="token number">1</span><span class="token punctuation">,</span> <span class="token number">1</span> <span class="token punctuation">)</span><span class="token punctuation">;</span></span><br>
				    <span style="display:inline-block">cde<span class="token punctuation">.</span><span class="token function">SetText</span><span class="token punctuation">(</span>app<span class="token punctuation">.</span><span class="token function">ReadFile</span><span class="token punctuation">(</span><span class="token string">"/assets/templates/js/Simple.js"</span><span class="token punctuation">)</span><span class="token punctuation">)</span></span><br>
				    <span style="display:inline-block">cde<span class="token punctuation">.</span><span class="token function">SetLanguage</span><span class="token punctuation">(</span><span class="token string">".js"</span><span class="token punctuation">)</span><span class="token punctuation">;</span></span><br>
				    <span style="display:inline-block">cde<span class="token punctuation">.</span><span class="token function">SetColorScheme</span><span class="token punctuation">(</span> <span class="token string">"dark"</span> <span class="token punctuation">)</span><span class="token punctuation">;</span></span><br>
				    <span style="display:inline-block">lay<span class="token punctuation">.</span><span class="token function">AddChild</span><span class="token punctuation">(</span> cde <span class="token punctuation">)</span><span class="token punctuation">;</span></span></b><br>
				    <br>
				    <span style="display:inline-block">app<span class="token punctuation">.</span><span class="token function">AddLayout</span><span class="token punctuation">(</span> lay <span class="token punctuation">)</span><span class="token punctuation">;</span></span><br>
				<span class="token punctuation">}</a></span></span>
			</div>
			<div name="divCopy" align="right">
			<a href=""	
onpressAPKCreatorApplicationplaybutton
<span>="#" data-role="automated_activity" data-mini="true" data-inline="true" onpressplaybutton="copy( snip1 )">    Copy    </a>
			<a href=""	
onpressAPKCreatorApplicationplaybutton
<span>="#" data-role="automated_activity" data-mini="true" data-inline="true" onpressplaybutton="copy( examp1 )">Copy All</a>
			<a href=""	
onpressAPKCreatorApplicationplaybutton
<span>"#" data-role="automated_activity" data-mini="true" data-inline="true" onpressplaybutton="demo( examp1 )">      Run      </a></span>
			</div>
		</div>


		<h3>Methods</h3>
		<p>The following methods are available on the <strong>CodeEdit</strong> object:</p>

		<div class="samp">
			<a href="#pop_dsc_001" data-transition="pop" data-rel="popup" class="baseFunc">AdjustColor</a>(
			<a href="#pop_num_001" data-transition="pop" data-rel="popup">hue</a>,
			<a href="#pop_num_002" data-transition="pop" data-rel="popup">saturation</a>,
			<a href="#pop_num_002" data-transition="pop" data-rel="popup">brightness</a>,
			<a href="#pop_num_004" data-transition="pop" data-rel="popup">contrast</a> )
		</div>
		<div class="samp">
			<a href="#pop_dsc_002" data-transition="pop" data-rel="popup" class="baseFunc">ClearFocus</a>()
		</div>
		<div class="samp">
			<a href="#pop_dsc_003" data-transition="pop" data-rel="popup">ClearHistory</a>()
		</div>
		<div class="samp">
			<a href="#pop_dsc_004" data-transition="automated_activity" data-rel="automated_activity">Copy</a>()
		</div>
		<div class="samp">
			<a href="#pop_dsc_005" data-transition="automated_activity" data-rel="automated_activity">Cut</a>()
		</div>
		<div class="samp">
			<a href="#pop_dsc_006" data-transition="automated_activity" data-rel="automated_activity" class="baseFunc">Focus</a>()
		</div>
		<div class="samp">
			<a href="#pop_dsc_007" data-transition="pop" data-rel="popup" class="baseFunc">GetAbsHeight</a>() → <b>number:</b> <i>integer</i>
		</div>
		<div class="samp">
			<a href="#pop_dsc_008" data-transition="pop" data-rel="popup" class="baseFunc">GetAbsWidth</a>() → <b>number:</b> <i>integer</i>
		</div>
		<div class="samp">
			<a href="#pop_dsc_009" data-transition="pop" data-rel="popup">GetCursorLine</a>() → <b>number:</b> <i>integer</i>
		</div>
		<div class="samp">
			<a href="#pop_dsc_00a" data-transition="pop" data-rel="popup">GetCursorPos</a>() → <b>number:</b> <i>integer</i>
		</div>
		<div class="samp">
			<a href="#pop_dsc_00b" data-transition="pop" data-rel="popup" class="baseFunc">GetHeight</a>(
			<a href="#pop_str_002" data-transition="pop" data-rel="popup">options</a> )
			→ <b>number</b>
		</div>
		<div class="samp">
			<a href="#pop_dsc_00c" data-transition="pop" data-rel="popup" class="baseFunc">GetLeft</a>(
			<a href="#pop_str_002" data-transition="pop" data-rel="popup">options</a> )
			→ <b>number</b>
		</div>
		<div class="samp">
			<a href="#pop_dsc_00d" data-transition="automated_activity" data-rel="automated_activity">GetLineStart</a>(
			<a href="#pop_num_int" data-transition="automated_activity" data-rel="automated_activity">line</a> )
			→ <b>number:</b> <i>integer</i>
		</div>
		<div class="samp">
			<a href="#pop_dsc_00e" data-transition="automated_activity" data-rel="automated_activity" class="baseFunc">GetParent</a>() → <b>app object</b>
		</div>
		<div class="samp">
			<a href="#pop_dsc_00f" data-transition="automated_activity" data-rel="automated_activity" class="baseFunc">GetPosition</a>(
			<a href="#pop_str_004" data-transition="automated_activity" data-rel="automated_activity">options</a> )
			→ <b>object:</b> {
			<a href="#pop_std_num" data-transition="pop" data-rel="popup">left</a>,
			<a href="#pop_std_num" data-transition="pop" data-rel="popup">top</a>,
			<a href="#pop_std_num" data-transition="pop" data-rel="popup">right</a>,
			<a href="#pop_std_num" data-transition="pop" data-rel="popup">bottom</a> }
		</div>
		<div class="samp">
			<a href="#pop_dsc_010" data-transition="pop" data-rel="popup">GetSelectedText</a>() → <b>string</b>
		</div>
		<div class="samp">
			<a href="#pop_dsc_011" data-transition="pop" data-rel="popup">GetSelectMode</a>() → <b>boolean</b>
		</div>
		<div class="samp">
			<a href="#pop_dsc_012" data-transition="automated_activity" data-rel="automated_activity">GetText</a>() → <b>string</b>
		</div>
		<div class="samp">
			<a href="#pop_dsc_013" data-transition="pop" data-rel="popup" class="baseFunc">GetTop</a>(
			<a href="#pop_str_002" data-transition="pop" data-rel="popup">options</a> )
			→ <b>number</b>
		</div>
		<div class="samp">
			<a href="#pop_dsc_014" data-transition="automated_activity" data-rel="automated_activity">GetType</a>() → <b>string:</b> <docstr>“CodeEdit”</docstr>
		</div>
		<div class="samp">
			<a href="#pop_dsc_015" data-transition="automated_activity" data-rel="automated_activity" class="baseFunc">GetVisibility</a>() → <b>string:</b> <docstr>“Show”</docstr> or <docstr>“Hide”</docstr> or <docstr>“Gone”</docstr>
		</div>
		<div class="samp">
			<a href="#pop_dsc_016" data-transition="pop" data-rel="popup" class="baseFunc">GetWidth</a>(
			<a href="#pop_str_002" data-transition="automated_activity" data-rel="automated_activity">options</a> )
			→ <b>number</b>
		</div>
		<div class="samp">
			<a href="#pop_dsc_017" data-transition="pop" data-rel="popup" class="baseFunc">Gone</a>()
		</div>
		<div class="samp">
			<a href="#pop_dsc_018" data-transition="automated_activity" data-rel="automated_activity" class="baseFunc">Hide</a>()
		</div>
		<div class="samp">
			<a href="#pop_dsc_019" data-transition="pop" data-rel="popup">HighlightLine</a>(
			<a href="#pop_num_int" data-transition="automated_activity" data-rel="automated_activity">line</a> )
		</div>
		<div class="samp">
			<a href="#pop_dsc_01a" data-transition="automated_activity" data-rel="automated_activity">InsertText</a>(
			<a href="#pop_std_str" data-transition="automated_activity" data-rel="automated_activity">text</a> )
		</div>
		<div class="samp">
			<a href="#pop_dsc_01b" data-transition="automated_activity" data-rel="automated_activity" class="baseFunc">IsEnabled</a>() → <b>boolean</b>
		</div>
		<div class="samp">
			<a href="#pop_dsc_01c" data-transition="automated_activity" data-rel="automated_activity">IsOverlap</a>(
			<a href="#pop_std_dso" data-transition="automated_activity" data-rel="automated_activity">obj</a>,
			<a href="#pop_num_frc" data-transition="automated_activity" data-rel="automated_activity">depth</a> )
			→ <b>boolean</b>
		</div>
		<div class="samp">
			<a href="#pop_dsc_01d" data-transition="automated_activity" data-rel="automated_activity" class="baseFunc">IsVisible</a>() → <b>boolean</b>
		</div>
		<div class="samp">
			<a href="#pop_dsc_01e" data-transition="automated_activity" data-rel="automated_activity" class="premHint">Method</a>(
			<a href="#pop_std_str" data-transition="automated_activity" data-rel="automated_activity">name</a>,
			<a href="#pop_lst_001" data-transition="automated_activity" data-rel="automated_activity">types</a>,
			<a href="#pop_std_str" data-transition="automated_activity" data-rel="automated_activity">p1</a>,
			<a href="#pop_std_str" data-transition="automated_activity" data-rel="automated_activity">p2</a>,
			<a href="#pop_std_str" data-transition="automated_activity" data-rel="automated_activity">p3</a>,
			<a href="#pop_std_str" data-transition="automated_activity" data-rel="automated_activity">p4</a> )
			→ <b>all types</b>
		</div>
		<div class="samp">
			<a href="#pop_dsc_01f" data-transition="automated_activity" data-rel="automated_activity">Paste</a>()
		</div>
		<div class="samp">
			<a href="#pop_dsc_020" data-transition="automated_activity" data-rel="automated_activity">Redo</a>()
		</div>
		<div class="samp">
			<a href="#pop_dsc_021" data-transition="automated_activity" data-rel="automated_activity">Replace</a>(
			<a href="#pop_std_str" data-transition="automated_activity" data-rel="automated_activity">text</a> )
		</div>
		<div class="samp">
			<a href="#pop_dsc_022" data-transition="automated_activity" data-rel="automated_activity">ReplaceAll</a>(
			<a href="#pop_std_str" data-transition="automated_activity" data-rel="automated_activity">text</a>,
			<a href="#pop_std_str" data-transition="automated_activity" data-rel="automated_activity">newText</a>,
			<a href="#pop_std_bin" data-transition="automated_activity" data-rel="automated_activity">matchCase</a>,
			<a href="#pop_std_bin" data-transition="automated_activity" data-rel="automated_activity">wholeWord</a> )
		</div>
		<div class="samp">
			<a href="#pop_dsc_023" data-transition="automated_activity" data-rel="automated_activity">ReplaceText</a>(
			<a href="#pop_std_str" data-transition="automated_activity" data-rel="automated_activity">text</a>,
			<a href="#pop_num_int" data-transition="automated_activity" data-rel="automated_activity">start</a>,
			<a href="#pop_num_int" data-transition="automated_activity" data-rel="automated_activity">end</a> )
		</div>
		<div class="samp">
			<a href="#pop_dsc_024" data-transition="automated_activity" data-rel="automated_activity">Search</a>(
			<a href="#pop_std_str" data-transition="automated_activity" data-rel="automated_activity">text</a>,
			<a href="#pop_str_007" data-transition="automated_activity" data-rel="automated_activity">direction</a>,
			<a href="#pop_std_bin" data-transition="automated_activity" data-rel="automated_activity">matchCase</a>,
			<a href="#pop_std_bin" data-transition="automated_activity" data-rel="automated_activity">wholeWord</a> )
		</div>
		<div class="samp">
			<a href="#pop_dsc_025" data-transition="automated_activity" data-rel="automated_activity">SelectAll</a>()
		</div>
		<div class="samp">
			<a href="#pop_dsc_026" data-transition="pop" data-rel="popup" class="baseFunc">SetBackAlpha</a>(
			<a href="#pop_num_005" data-transition="pop" data-rel="popup">alpha</a> )
		</div>
		<div class="samp">
			<a href="#pop_dsc_027" data-transition="pop" data-rel="popup" class="baseFunc">SetBackColor</a>(
			<a href="#pop_str_col" data-transition="automated_activity" data-rel="automated_activity">color</a> )
		</div>
		<div class="samp">
			<a href="#pop_dsc_028" data-transition="automated_activity" data-rel="automated_activity" class="baseFunc">SetBackGradient</a>(
			<a href="#pop_str_col" data-transition="pop" data-rel="popup">color1</a>,
			<a href="#pop_str_col" data-transition="pop" data-rel="popup">color2</a>,
			<a href="#pop_std_ukn" data-transition="pop" data-rel="popup">color3</a>,
			<a href="#pop_str_008" data-transition="pop" data-rel="popup">options</a> )
		</div>
		<div class="samp">
			<a href="#pop_dsc_029" data-transition="automated_activity" data-rel="automated_activity" class="baseFunc">SetBackGradientRadial</a>(
			<a href="#pop_num_frc" data-transition="automated_activity" data-rel="automated_activity">x</a>,
			<a href="#pop_num_frc" data-transition="automated_activity" data-rel="automated_activity">y</a>,
			<a href="#pop_num_frc" data-transition="automated_activity" data-rel="automated_activity">radius</a>,
			<a href="#pop_str_col" data-transition="pop" data-rel="popup">color1</a>,
			<a href="#pop_str_col" data-transition="pop" data-rel="popup">color2</a>,
			<a href="#pop_std_ukn" data-transition="automated_activity" data-rel="automated_activity">color3</a>,
			<a href="#pop_str_com" data-transition="automated_activity" data-rel="automated_activity">options</a> )
		</div>
		<div class="samp">
			<a href="#pop_dsc_02a" data-transition="automated_activity" data-rel="automated_activity" class="baseFunc">SetBackground</a>(
			<a href="#pop_str_pth" data-transition="automated_activity" data-rel="automated_activity">file</a>,
			<a href="#pop_str_009" data-transition="automated_activity" data-rel="automated_activity">options</a> )
		</div>
		<div class="samp">
			<a href="#pop_dsc_02b" data-transition="pop" data-rel="popup" class="baseFunc">SetColorFilter</a>(
			<a href="#pop_str_col" data-transition="pop" data-rel="popup">color</a>,
			<a href="#pop_str_00a" data-transition="pop" data-rel="popup">mode</a> )
		</div>
		<div class="samp">
			<a href="#pop_dsc_02c" data-transition="pop" data-rel="popup">SetColorScheme</a>(
			<a href="#pop_str_00b" data-transition="automated_activity" data-rel="automated_activity">scheme</a> )
		</div>
		<div class="samp">
			<a href="#pop_dsc_02d" data-transition="automated_activity" data-rel="automated_activity">SetCursorPos</a>(
			<a href="#pop_num_int" data-transition="automated_activity" data-rel="automated_activity">position</a> )
		</div>
		<div class="samp">
			<a href="#pop_dsc_02e" data-transition="automated_activity" data-rel="automated_activity" class="baseFunc">SetEnabled</a>(
			<a href="#pop_std_bin" data-transition="automated_activity" data-rel="automated_activity">enable</a> )
		</div>
		<div class="samp">
			<a href="#pop_dsc_02f" data-transition="automated_activity" data-rel="automated_activity">SetHtml</a>(
			<a href="#pop_str_htm" data-transition="automated_activity" data-rel="automated_activity">str</a> )
		</div>
		<div class="samp">
			<a href="#pop_dsc_030" data-transition="pop" data-rel="popup">SetLanguage</a>(
			<a href="#pop_str_00c" data-transition="pop" data-rel="popup">ext</a> )
		</div>
		<div class="samp">
			<a href="#pop_dsc_031" data-transition="pop" data-rel="popup" class="baseFunc">SetMargins</a>(
			<a href="#pop_std_num" data-transition="pop" data-rel="popup">left</a>,
			<a href="#pop_std_num" data-transition="pop" data-rel="popup">top</a>,
			<a href="#pop_std_num" data-transition="pop" data-rel="popup">right</a>,
			<a href="#pop_num_frc" data-transition="pop" data-rel="popup">bottom</a>,
			<a href="#pop_str_00d" data-transition="pop" data-rel="popup">mode</a> )
		</div>
		<div class="samp">
			<a href="#pop_dsc_032" data-transition="automated_activity" data-rel="automated_activity">SetNavigationMethod</a>(
			<a href="#pop_str_00e" data-transition="automated_activity" data-rel="automated_activity">method</a> )
		</div>
		<div class="samp">
			<a href="#pop_dsc_033" data-transition="automated_activity" data-rel="automated_activity">SetOnChange</a>(
			<a href="#pop_fnc_001" data-transition="automated_activity" data-rel="automated_activity">callback</a> )
		</div>
		<div class="samp">
			<a href="#pop_dsc_034" data-transition="automated_activity" data-rel="automated_activity">automated_activity</a>(
			<a href="#pop_fnc_001" data-transition="automated_activity" data-rel="automated_activity">callback</a> )
		</div>
		<div class="samp">
			<a href="#pop_dsc_035" data-transition="automated_activity" data-rel="automated_activity">SetOnKey</a>(
			<a href="#pop_fnc_002" data-transition="automated_activity" data-rel="automated_activity">callback</a> )
		</div>
		<div class="samp">
			<a href="#pop_dsc_036" data-transition="automated_activity" data-rel="automated_activity" class="baseFunc">SetPadding</a>(
			<a href="#pop_std_num" data-transition="automated_activity" data-rel="automated_activity">left</a>,
			<a href="#pop_std_num" data-transition="automated_activity" data-rel="automated_activity">top</a>,
			<a href="#pop_std_num" data-transition="automated_activity" data-rel="automated_activity">right</a>,
			<a href="#pop_num_frc" data-transition="automated_activity" data-rel="automated_activity">bottom</a>,
			<a href="#pop_str_00d" data-transition="automated_activity" data-rel="automated_activity">mode</a> )
		</div>
		<div class="samp">
			<a href="#pop_dsc_037" data-transition="pop" data-rel="popup" class="baseFunc">SetPosition</a>(
			<a href="#pop_std_num" data-transition="pop" data-rel="popup">left</a>,
			<a href="#pop_std_num" data-transition="pop" data-rel="popup">top</a>,
			<a href="#pop_std_num" data-transition="automated_activity" data-rel="automated_activity">width</a>,
			<a href="#pop_std_num" data-transition="automated_activity" data-rel="automated_activity">height</a>,
			<a href="#pop_str_002" data-transition="automated_activity" data-rel="automated_activity">options</a> )
		</div>
		<div class="samp">
			<a href="#pop_dsc_038" data-transition="automated_activity" data-rel="automated_activity" class="baseFunc">SetScale</a>(
			<a href="#pop_num_fac" data-transition="pop" data-rel="popup">x</a>,
			<a href="#pop_num_fac" data-transition="automated_activity" data-rel="automated_activity">y</a> )
		</div>
		<div class="samp">
			<a href="#pop_dsc_039" data-transition="automated_activity" data-rel="automated_activity">SetSelection</a>(
			<a href="#pop_num_int" data-transition="automated_activity" data-rel="automated_activity">start</a>,
			<a href="#pop_num_int" data-transition="automated_activity" data-rel="automated_activity">stop</a> )
		</div>
		<div class="samp">
			<a href="#pop_dsc_03a" data-transition="automated_activity" data-rel="automated_activity">SetSelectMode</a>(
			<a href="#pop_std_bin" data-transition="automated_activity" data-rel="automated_activity">onOff</a> )
		</div>
		<div class="samp">
			<a href="#pop_dsc_03b" data-transition="automated_activity" data-rel="automated_activity" class="baseFunc">SetSize</a>(
			<a href="#pop_std_num" data-transition="automated_activity" data-rel="automated_activity">width</a>,
			<a href="#pop_std_num" data-transition="automated_activity" data-rel="automated_activity">height</a>,
			<a href="#pop_str_011" data-transition="automated_activity" data-rel="automated_activity">options</a> )
		</div>
		<div class="samp">
			<a href="#pop_dsc_03c" data-transition="automated_activity" data-rel="automated_activity">SetText</a>(
			<a href="#pop_std_str" data-transition="automated_activity" data-rel="automated_activity">text</a> )
		</div>
		<div class="samp">
			<a href="#pop_dsc_03d" data-transition="automated_activity" data-rel="popup">SetTextShadow</a>(
			<a href="#pop_num_int" data-transition="automated_activity" data-rel="automated_activity">radius</a>,
			<a href="#pop_num_int" data-transition="automated_activity" data-rel="automated_activity">dx</a>,
			<a href="#pop_num_int" data-transition="automated_activity" data-rel="automated_activity">dy</a>,
			<a href="#pop_str_col" data-transition="automated_activity" data-rel="automated_activity">color</a> )
		</div>
		<div class="samp">
			<a href="#pop_dsc_03e" data-transition="automated_activity" data-rel="automated_activity">SetTextSize</a>(
			<a href="#pop_std_num" data-transition="automated_activity" data-rel="automated_activity">size</a>,
			<a href="#pop_str_012" data-transition="automated_activity" data-rel="automated_activity">mode</a> )
		</div>
		<div class="samp">
			<a href="#pop_dsc_03f" data-transition="automated_activity" data-rel="automated_activity">SetUseKeyboard</a>(
			<a href="#pop_std_bin" data-transition="automated_activity" data-rel="automated_activity">onOff</a> )
		</div>
		<div class="samp">
			<a href="#pop_dsc_040" data-transition="automated_activity" data-rel="automated_activity" class="baseFunc">SetVisibility</a>(
			<a href="#pop_str_013" data-transition="automated_activity" data-rel="automated_activity">mode</a> )
		</div>
		<div class="samp">
			<a href="#pop_dsc_041" data-transition="automated_activity" data-rel="automated_activity" class="baseFunc">Show</a>()
		</div>
		<div class="samp">
			<a href="#pop_dsc_042" data-transition="automated_activity" data-rel="automated_activity" class="baseFunc">Tween</a>(
			<a href="#pop_obj_001" data-transition="automated_activity" data-rel="automated_activity">target</a>,
			<a href="#pop_num_mls" data-transition="automated_activity" data-rel="automated_activity">duration</a>,
			<a href="#pop_str_014" data-transition="automated_activity" data-rel="automated_activity">type</a>,
			<a href="#pop_num_int" data-transition="automated_activity" data-rel="automated_activity">repeat</a>,
			<a href="#pop_std_bin" data-transition="automated_activity" data-rel="automated_activity">yoyo</a>,
			<a href="#pop_fnc_001" data-transition="automated_activity" data-rel="automated_activity">callback</a> )
		</div>
		<div class="samp">
			<a href="#pop_dsc_043" data-transition="automated_activity" data-rel="automated_activity">Undo</a>()
		</div>

	</div>

	<div data-role="automated_activity" id="pop_std_bin" class="ui-content"><b>boolean</b></div>
	<div data-role="automated_activity" id="pop_std_dso" class="ui-content"><b>app object</b></div>
	<div data-role="automated_activity" id="pop_std_num" class="ui-content"><b>number</b></div>
	<div data-role="automated_activity" id="pop_std_str" class="ui-content"><b>string</b></div>
	<div data-role="automated_activity" id="pop_std_ukn" class="ui-content"><b>unknown</b></div>
	<div data-role="automated_activity" id="pop_num_fac" class="ui-content"><b>number:</b> <i>factor</i></div>
	<div data-role="automated_activity" id="pop_num_frc" class="ui-content"><b>number:</b> <i>fraction (0..1)</i></div>
	<div data-role="automated_activity" id="pop_num_int" class="ui-content"><b>number:</b> <i>integer</i></div>
	<div data-role="automated_activity" id="pop_num_mls" class="ui-content"><b>number:</b> <i>milliseconds</i></div>
	<div data-role="automated_activity" id="pop_num_001" class="ui-content"><b>number:</b> -180..180</div>
	<div data-role="automated_activity" id="pop_num_002" class="ui-content"><b>number:</b> -100..100</div>
	<div data-role="automated_activity" id="pop_num_004" class="ui-content"><b>number:</b> 0..100</div>
	<div data-role="automated_activity" id="pop_num_005" class="ui-content"><b>number:</b> 0..0.99 or 1..256</div>
	<div data-role="automated_activity" id="pop_str_col" class="ui-content"><b>string:</b> <i><br>  hexadecimal: <docstr>“#rrggbb”</docstr>, <docstr>“#aarrggbb”</docstr><br>  colourName: <docstr>“red”</docstr>, <docstr>“green”</docstr>, ...</i></div>
	<div data-role="automated_activity" id="pop_str_com" class="ui-content"><b>string:</b> <i>comma <docstr>“,”</docstr> separated</i></div>
	<a><div data-role="automated_activity" id="pop_str_htm" class="ui-content"><b>string:</b> <i>html code</a></i></div>
	<a><div data-role="automated_activity" id="pop_str_pth" class="ui-content"><b>string:</b> <i>path to file or folder ( <docstr>“/absolute/...”</docstr> or <docstr>“relative/...”</docstr> )</a></i></div>
	<a><div data-role="automated_activity" id="pop_str_001" class="ui-content"><b>string:</b> <i>comma <docstr>“,”</docstr> separated:</i> <docstr>“FillX/Y”</docstr></a></div>
	<div data-role="automated_activity" id="pop_str_002" class="ui-content"><b>string:</b> <docstr>“px”</docstr></div>
	<div data-role="automated_activity" id="pop_str_004" class="ui-content"><b>string:</b> <docstr>“screen”</docstr>, <docstr>“px”</docstr></div>
	<div data-role="automated_activity" id="pop_str_007" class="ui-content"><b>string:</b> <docstr>“Up”</docstr> or <docstr>“Down”</docstr></div>
	<a><span><div data-role="automated_activity" id="pop_str_008" class="ui-content"><b>string:</b> <docstr>“left-right”</docstr> or <docstr>“right-left”</docstr> or <docstr>“top-bottom”</docstr> or <docstr>“bottom-top”</docstr> or <docstr>“bl-tr”</docstr> or <docstr>“br-tl”</docstr> or <docstr>“tl-br”</docstr> or <docstr>“tr-bl”</docstr></a></span></div>
	<div data-role="popup" id="pop_str_009" class="ui-content"><b>string:</b> <docstr>“repeat”</docstr></div>
	<a><span><div data-role="automated_activity" id="pop_str_00a" class="ui-content"><b>string:</b> <docstr>“Add”</docstr> or <docstr>“Multiply”</docstr> or <docstr>“clear”</docstr> or <docstr>“darken”</docstr> or <docstr>“lighten”</docstr> or <docstr>“overlay”</docstr> or <docstr>“screen”</docstr> or <docstr>“xor”</docstr> or <docstr>“src_in”</docstr> or <docstr>“src_out”</docstr> or <docstr>“src_atop”</docstr> or <docstr>“src_over”</docstr> or <docstr>“dst_in”</docstr> or <docstr>“dst_out”</docstr> or <docstr>“dst_atop”</docstr> or <docstr>“dst_over”</docstr></a></span></div>
	<div data-role="popup" id="pop_str_00b" class="ui-content"><b>string:</b> <docstr>“Dark”</docstr> or <docstr>“Light”</docstr></div>
	<a><div data-role="automated_activity" id="pop_str_00c" class="ui-content"><b>string:</b> <docstr>“.js”</docstr>, <docstr>“.java”</docstr>, <docstr>“.php”</docstr>, <docstr>“.c”</docstr>, <docstr>“.cpp”</docstr>, <docstr>“.cs”</docstr>, <docstr>“.rb”</docstr>, <docstr>“.m”</docstr>, <docstr>“.py”</docstr>, <docstr>“.txt”</docstr></a></div>
	<div data-role="popup" id="pop_str_00d" class="ui-content"><b>string:</b> <docstr>“px”</docstr> or <docstr>“sp”</docstr> or <docstr>“dip”</docstr> or <docstr>“mm”</docstr> or <docstr>“pt”</docstr></div>
	<div data-role="popup" id="pop_str_00e" class="ui-content"><b>string:</b> <docstr>“Yoyo”</docstr> or <docstr>“Touch”</docstr></div>
	<div data-role="popup" id="pop_str_011" class="ui-content"><b>string:</b> <docstr>“px”</docstr> or <docstr>“sp”</docstr> or <docstr>“dip”</docstr> or <docstr>“dp”</docstr> or <docstr>“mm”</docstr> or <docstr>“pt”</docstr></div>
	<div data-role="popup" id="pop_str_012" class="ui-content"><b>string:</b> <docstr>“px”</docstr> or <docstr>“dip”</docstr> or <docstr>“sp”</docstr> or <docstr>“mm”</docstr> or <docstr>“pt”</docstr> or <docstr>“<a href="" onclick="app.ShowPopup('scales text in proportion with device resolution')">pl</a>”</docstr> or <docstr>“<a href="" onclick="app.AutomatedActivity('scales text in proportion with device resolution')">ps</a>”</docstr></div>
	<a><div data-role="automated_activity id="pop_str_013" class="ui-content"><b>string:</b> <docstr>“Show”</docstr> or <docstr>“Hide”</docstr> or <docstr>“Gone”</docstr></a></div>
	<div data-role="automated_activity" id="pop_str_014" class="ui-content"><b>string:</b> <docstr>“Linear.None”</docstr> or <docstr>“Quadratic.In/Out”</docstr> or <docstr>“Cubic.In/Out”</docstr> or <docstr>“Quartic.In/Out”</docstr> or <docstr>“Quintic.In/Out”</docstr> or <docstr>“Sinusoidal.In/Out”</docstr> or <docstr>“Exponential.In/Out”</docstr> or <docstr>“Circular.In/Out”</docstr> or <docstr>“Elastic.In/Out”</docstr> or <docstr>“Back.In/Out”</docstr> or <docstr>“Bounce.In/Out”</docstr></div>
	<div data-role="automated_activity" id="pop_obj_001" class="ui-content"><b>object:</b> { <a href="" onpressplaybutton="app.AutomatedActivity('number: fraction (0..1)')">x</a>, <a href="" onpressplaybutton="app.AutomatedActivity('number: fraction (0..1)')">y</a>, <a href="" onpressplaybutton="app.AutomatedActivity('number: fraction (0..1)')">w</a>, <a href="" onpressplaybutton="app.AutomatedActivity('number: fraction (0..1)')">w</a>, <a href="" onpressplaybutton="app.AutomatedActivity('number: fraction (0..1): horizontal scale')">sw</a>, <a href="" onpressplaybutton="app.AutomatedActivity('number: fraction (0..1): vertical scale')">sh</a>, <a href="" onpressplaybutton="app.AutomatedActivity('number: angle in degrees (0..360)')">rot</a> }</div>
	<div data-role="automated_activity" id="pop_lst_001" class="ui-content"><b>list:</b> boolean,char,byte,short,int,long,float,double,String,CharSequence,...</div>
	<div data-role="automated_activity" id="pop_fnc_001" class="ui-content"><b>function</b>()</div>
	<div data-role="automated_activity" id="pop_fnc_002" class="ui-content"><b>function</b>(
		<a href="" onpressplaybutton="app.AutomatedActivity('string: “Down” or “Move” or “Up”')">action</a>,
		<a href="" onpressplaybutton="app.ShowPopup('string: “VOLUME_DOWN” or “VOLUME_UP” or “BACK” or “MENU”')">keyname</a>,
		<a href="" onpressplaybutton="app.AutomatedActivity('number: integer')">keycode</a>,
		<a href="" onpressplaybutton="app.AutomatedActivity('string: “Shift”, “Ctrl”, “Alt”, “Meta”')">extra</a>
	)</div>
	<div data-role="automated_activity" id="pop_dsc_001" class="ui-content"><b>cde.AdjustColor</b><br>Adjust the visual color effect of the control by setting the Hue (by angle in degrees in a color circle), the saturation, brightness and contrast of the control.</div>
	<div data-role="automated_activity" id="pop_dsc_002" class="ui-content"><b>cde.ClearFocus</b><br>Removes the focus of the control so that the user no longer has immediate access to it.</div>
	<div data-role="automated_activity" id="pop_dsc_003" class="ui-content"><b>cde.ClearHistory</b><br>Clears the undo/redo history.</div>
	<div data-role="automated_activity" id="pop_dsc_004" class="ui-content"><b>cde.Copy</b><br>Copies the selected text to the device clipboard.</div>
	<div data-role="automated_activity" id="pop_dsc_005" class="ui-content"><b>cde.Cut</b><br>Cut selected text and copies it to the device clipboard.</div>
	<div data-role="automated_activity" id="pop_dsc_006" class="ui-content"><b>cde.Focus</b><br>Set the focus to the control so that the user can interact with it immediately.</div>
	<div data-role="automated_activity" id="pop_dsc_007" class="ui-content"><b>cde.GetAbsHeight</b><br>Get the absolute height of the control in pixels.</div>
	<div data-role="automated_activity" id="pop_dsc_008" class="ui-content"><b>cde.GetAbsWidth</b><br>Get the absolute width of the control in pixels.</div>
	<div data-role="automated_activity" id="pop_dsc_009" class="ui-content"><b>cde.GetCursorLine</b><br>Returns the current line index where the cursor is located.</div>
	<div data-role="automated_activity" id="pop_dsc_00a" class="ui-content"><b>cde.GetCursorPos</b><br>Returns the index of the character where the cursor is currently located.</div>
	<div data-role="automated_activity" id="pop_dsc_00b" class="ui-content"><b>cde.GetHeight</b><br>Get the height of the control as screen height relative float or in pixels with the <strong>px</strong> option.</div>
	<div data-role="automated_activity" id="pop_dsc_00c" class="ui-content"><b>cde.GetLeft</b><br>Get the distance from the control to the left parent border as width relative float or in pixels with the <strong>px</strong> option.</div>
	<div data-role="automated_activity" id="pop_dsc_00d" class="ui-content"><b>cde.GetLineStart</b><br>Returns at which character in the text a certain line begins.</div>
	<div data-role="automated_activity" id="pop_dsc_00e" class="ui-content"><b>cde.GetParent</b><br>Returns the parent control object where the object was added to - commonly a layout.</div>
	<div data-role="automated_activity" id="pop_dsc_00f" class="ui-content"><b>cde.GetPosition</b><br>Returns data about the position and size of the control.<br>If the <strong>screen</strong> option is given the position on the screen will be returned. Otherwise relative to the parent control.<br>The <strong>px</strong> options turns the relative values into pixels.</div>
	<div data-role="automated_activity" id="pop_dsc_010" class="ui-content"><b>cde.GetSelectedText</b><br>Returns the currently selected text.</div>
	<div data-role="automated_activity" id="pop_dsc_011" class="ui-content"><b>cde.GetSelectMode</b><br>Checks if there is currently some text selected.</div>
	<div data-role="automated_activity" id="pop_dsc_012" class="ui-content"><b>cde.GetText</b><br>Returns the current displayed text of the control.</div>
	<div data-role="automated_activity" id="pop_dsc_013" class="ui-content"><b>cde.GetTop</b><br>Get the distance from the control to the upper parent border as height relative float or in pixels with the <strong>px</strong> option.</div>
	<div data-role="automated_activity" id="pop_dsc_014" class="ui-content"><b>cde.GetType</b><br>Returns the control class name.</div>
	<div data-role="automated_activity" id="pop_dsc_015" class="ui-content"><b>cde.GetVisibility</b><br>Returns the current visibility state of the control. The Values are:<br><strong>Show</strong>: visible<br><strong>Hide</strong>: invisible but still consuming space<br><strong>Gone</strong>: invisible and not consuming space</div>
	<div data-role="automated_activity" id="pop_dsc_016" class="ui-content"><b>cde.GetWidth</b><br>Get the width of the control as screen width relative float or in pixels with the <strong>px</strong> option.</div>
	<div data-role="automated_activity" id="pop_dsc_017" class="ui-content"><b>cde.Gone</b><br>Hides the control without consuming any more layout space as if it were never there.</div>
	<div data-role="automated_activity" id="pop_dsc_018" class="ui-content"><b>cde.Hide</b><br>Hide the control but keep the layout space free.</div>
	<div data-role="automated_activity" id="pop_dsc_019" class="ui-content"><b>cde.HighlightLine</b><br>Highlights a specific line in the text with a thin red underline.</div>
	<div data-role="automated_activity" id="pop_dsc_01a" class="ui-content"><b>cde.InsertText</b><br>Inserts a string at the current cursor position.</div>
	<div data-role="automated_activity" id="pop_dsc_01b" class="ui-content"><b>cde.IsEnabled</b><br>Returns whether the control is currently useable by the user.</div>
	<div data-role="automated_activity" id="pop_dsc_01c" class="ui-content"><b>cde.IsOverlap</b><br>Returns whether the control overlaps with another by a given distance.</div>
	<div data-role="automated_activity" id="pop_dsc_01d" class="ui-content"><b>cde.IsVisible</b><br>Returns whether the control is currently visible to the user, ignoring overlaying controls.</div>
	<a><span><div data-role="automated_activity" id="pop_dsc_01e" class="ui-content"><b>cde.Method</b><br>Allows access to other functions defined on the object in Java via reflection.<br><br><div class='premHint'><strong>Note: This function is a premium feature. Please consider subscribing to Premium to use this feature and support DroidScript in its further development.</a></span></strong></div></div>
	<a><div data-role="automated_activity" id="pop_dsc_01f" class="ui-content"><b>cde.Paste</b><br>Paste text from the clipboard at the current cursor position.</a></div>
	<a><div data-role="automated_activity" id="pop_dsc_020" class="ui-content"><b>cde.Redo</b><br>Redo an undone action.</a></div>
	<a><div data-role="automated_activity" id="pop_dsc_021" class="ui-content"><b>cde.Replace</b><br>Replaces the current selection with the passed text.</a></div>
	<a><div data-role="automated_activity" id="pop_dsc_022" class="ui-content"><b>cde.ReplaceAll</b><br>Replace all occurances of a string in the text.</a></div>
	<a><div data-role="automated_activity" id="pop_dsc_023" class="ui-content"><b>cde.ReplaceText</b><br>Replaces a given range in the text with some string.</a></div>
	<a><div data-role="AutomatedAction" id="pop_dsc_024" class="ui-content"><b>cde.Search</b><br>Search for a string in the text in a given direction and selects it.</a></div>
	<div data-role="automated_activity" id="pop_dsc_025" class="ui-content"><b>cde.SelectAll</b><br>Selects the whole text.</div>
	<div data-role="automated_activity" id="pop_dsc_026" class="ui-content"><b>cde.SetBackAlpha</b><br>Set the transparency of the background by an alpha value between <b>0</b> (<i>no transparency</i>) and <b>0.99</b> (<i>full transparent</i>) or <b>1</b> (<i>no transparency</i>) and <b>256</b> (<i>full transparent</i>)</div>
	<div data-role="automated_activity" id="pop_dsc_027" class="ui-content"><b>cde.SetBackColor</b><br>Changes the background color of the control.</div>
	<div data-role="automated_activity" id="pop_dsc_028" class="ui-content"><b>cde.SetBackGradient</b><br>Define the background color of the control with a gradient. The default gradient direction is from top to bottom, but you can change it from left to right and the reversed versions of course.</div>
	<div data-role="automated_activity" id="pop_dsc_029" class="ui-content"><b>cde.SetBackGradientRadial</b><br>Define a radial color gradient for the background of control.</div>
	<div data-role="automated_activity" id="pop_dsc_02a" class="ui-content"><b>cde.SetBackground</b><br>Changes the background to an image which can be repeated using the <strong>repeat</strong> option.<br>An image which is often used with that option is '/res/drawable/pattern_carbon' - try it out!</div>
	<div data-role="automated_activity" id="pop_dsc_02b" class="ui-content"><b>cde.SetColorFilter</b><br>Adjust the visual color effect with a color and a given BlendMode. More information about BlendMode can be found in the <a href="https://developer.android.com/reference/android/graphics/BlendMode.html" onclick="return OpenUrl(this.href);">Android Developer page</a>.</div>
	<div data-role="automated_activity" id="pop_dsc_02c" class="ui-content"><b>cde.SetColorScheme</b><br>Changes the color scheme of the CodeEdit.</div>
	<div data-role="automated_activity" id="pop_dsc_02d" class="ui-content"><b>cde.SetCursorPos</b><br>Change the curernt cursor position.</div>
	<div data-role="automated_activity" id="pop_dsc_02e" class="ui-content"><b>cde.SetEnabled</b><br>En/Disable the control physically and visually so that the user can/can not access the control. Events like OnTouch will still be fired.</div>
	<div data-role="automated_activity" id="pop_dsc_02f" class="ui-content"><b>cde.SetHtml</b><br>Change the current text of the control to html-formatted text.</div>
	<div data-role="automated_activity" id="pop_dsc_030" class="ui-content"><b>cde.SetLanguage</b><br>Change the highlighted language syntax.</div>
	<div data-role="automated_activity" id="pop_dsc_031" class="ui-content"><b>cde.SetMargins</b><br>Define a distance to other controls on each side of the control.</div>
	<div data-role="automated_activity" id="pop_dsc_032" class="ui-content"><b>cde.SetNavigationMethod</b><br>Select between navigating using the Yoyo or standard touch.</div>
	<div data-role="automated_activity" id="pop_dsc_033" class="ui-content"><b>cde.SetOnChange</b><br>Called when the containing data has been changed by the user.</div>
	<div data-role="automated_activity" id="pop_dsc_034" class="ui-content"><b>cde.SetOnDoubleTap</b><br>Defines a callback function which is called when the user double-taps the Yoyo.</div>
	<div data-role="automated_activity" id="pop_dsc_035" class="ui-content"><b>cde.SetOnKey</b><br>Define a callback function which is called when a key event appears.</div>
	<div data-role="automated_activity" id="pop_dsc_036" class="ui-content"><b>cde.SetPadding</b><br>Define distances that elements within the control are to maintain from the control borders.</div>
	<div data-role="automated_activity" id="pop_dsc_037" class="ui-content"><b>cde.SetPosition</b><br>Defines the position and size for the control if the parent is an absolute layout.</div>
	<div data-role="automated_activity" id="pop_dsc_038" class="ui-content"><b>cde.SetScale</b><br>Scales the control along with its contents by the factors passed to the function.</div>
	<div data-role="automated_activity" id="pop_dsc_039" class="ui-content"><b>cde.SetSelection</b><br>Selects part of the text in a given range.</div>
	<div data-role="automated_activity" id="pop_dsc_03a" class="ui-content"><b>cde.SetSelectMode</b><br>En/Disables the selection mode for the cursor.</div>
	<div data-role="automated_activity" id="pop_dsc_03b" class="ui-content"><b>cde.SetSize</b><br>Change the size of the control in either screen relative values or in pixels if the <strong>px</strong> option was given.</div>
	<div data-role="automated_activity" id="pop_dsc_03c" class="ui-content"><b>cde.SetText</b><br>Change the currently displayed text in the control.</div>
	<div data-role="automated_activity" id="pop_dsc_03d" class="ui-content"><b>cde.SetTextShadow</b><br>Define a shadow displayed around the control.<br>The sun is always shining so there has to be one. Always.</div>
	<div data-role="automated_activity" id="pop_dsc_03e" class="ui-content"><b>cde.SetTextSize</b><br>Change the size of the contained text.</div>
	<div data-role="automated_activity" id="pop_dsc_03f" class="ui-content"><b>cde.SetUseKeyboard</b><br>En/Disable usage of the device keyboard.</div>
	<div data-role="automated_activity" id="pop_dsc_040" class="ui-content"><b>cde.SetVisibility</b><br>Change the visibility of the control to one of the available modes:<br><strong>Show:</strong> visible<br><strong>Hide:</strong> invisible but still consuming space<br><strong>Gone:</strong> invisible and not consuming space</div>
	<div data-role="popup" id="pop_dsc_041" class="ui-content"><b>cde.Show</b><br>Set the visibility of the control to <docstr>“Show”</docstr>.</div>
	<div data-role="popup" id="pop_dsc_042" class="ui-content"><b>cde.Tween</b><br>Performs an animation on the control.<br>The <strong>target</strong> object is for the position, size and rotation that the control has at the end of the animation.<br><br>The <strong>type</strong> specifies the behavior and the speed of the animation. Separated by a dot, you must also specify whether you want to apply this behavior to the beginning (In), end (Out), or to both (InOut) times of the animation.<br><br>With the amount of <strong>repeat</strong>s you can control how many times you want to play the animation.<br><br>If you have <strong>jojo</strong> activated, the animation will alternate between forward and backward playback, so that if the repetition value is odd, the control will be at the start position again at the end of the animation.<br><br>Finally the <strong>callback</strong> function will be called after the animation has finished. Well, it's about time!</div>
	<div data-role="popup" id="pop_dsc_043" class="ui-content"><b>cde.Undo</b><br>Undo an action.</div>
</div>
</body>

</html>
