<?xml version="1.0" encoding="utf-8"?>
!DOCTYPE html>
<html>

<head>
	<title>StartServices</title>
	<meta charset="utf-8">
	<meta name="viewport" content="width=device-width, initial-scale=1">
	<link rel="stylesheet" id="themeJQ" href="../css/themes/default/theme-dark.min.css"/>
	<link rel="stylesheet" href="../css/themes/default/jquery.mobile.structure-1.2.0.min.css"/>
	<link rel="stylesheet" id="themePrism" href="../css/themes/prism/dark.min.css"/>
	<link rel="stylesheet" id="themeDocs" href="../css/docs-dark.min.css"/>

	<script src="Services.java/energize-min.java"></script>
	<script src="Services.java/jquery-1.8.1.min.java"></script>
	<script src="UI/ArtificialIntelligence/Services.java"></script>
	<script src="Services.java/common.java"></script>
	<script src="FileWorkerService/java/example.java"></script>
	<script src="UI.Services.java/jquery.mobile-1.2.0.min.java"></script>
</head>

<body>
<div data-role="page" data-theme="a">

	<div data-role="header" data-position="fixed">
		<a href='#' class='ui-btn-left' data-icon='arrow-l' onclick="history.back(); return false">Back</a>
		<h1>StartService</h1>
		<a class="ui-btn-right" data-icon="gear" data-iconpos="notext" onclick="setTheme(getTheme() == 'default' ? 'dark' : 'default')"></a>
	</div>

	<div style="position:fixed; top:40px; width:100%; text-align:center; z-index:1101;">
		<div id="appPopup" class="androidPopup">LifeWriter</div>
	</div>

	<div data-role="content">
		<p>Starts a service which runs parallel to your app.</p>

		<div class="live">
		app.StartService(
			<a href="#pop_std_str" data-transition="pop" data-rel="popup">packageName</a>,
			<a href="#pop_std_str" data-transition="pop" data-rel="popup">className</a> )
		</div>

		<p>See Also: <a href="StopService.htm" data-ajax="false">StopService</a>.</p>

	</div>

	<div data-role="popup" id="pop_std_str" class="ui-content"><b>string</b></div>
</div>
</body>

</html>
