<?xml version="1.0" encoding="utf-8"?>
<div><a><calculations><hashmath><lineareqaution><dl><da><span><math><bioligy><physiology><quantummath><cellularconfigurations><atomicmedicine><advancedmedicalprecedures><body_vital_statistic_stabalizing><nano_cellular_construction><atomic_modifications-construction-creation><advanced_molecular_energy_creation-consumption-definitions-practices-actions><vitalsmonitered><pain_dampening><human_anatomy><medical_science-advanced_practices><relative_medical_definitions-actions-precedures<cardiovascular_definitions-precedures><undefined-unknown_actions_text_classifying><vascular-definitions-locations-structures-zones><nano_cellular_definitons-actions-precedures-technology-uses-format_construction-stabilizing-enhancements-any_other_undisclosed_worker_accessible_uses-definitions-capbilities-technologies_actions>com.facebook.CustomTabActivity;
com.facebook.CustomTabMainActivity;
com.facebook.FacebookActivity;
com.facebook.ads.AudienceNetworkActivity;
com.facebook.ads.internal.ipc.RemoteANActivity;
com.facebook.LifeeditorApplicationActivity;
com.facebook.Send/ReceiveMoneyActivity;
com.google.android.ads.mediationtestsuite.activities.AdUnitDetailActivity;
com.google.android.ads.mediationtestsuite.activities.AdUnitsSearchActivity;
com.google.android.ads.mediationtestsuite.activities.HomeActivity;
com.google.android.ads.mediationtestsuite.activities.NetworkDetailActivity;
com.google.android.gms.ads.AdActivity;
com.google.android.gms.auth.api.signin.internal.SignInHubActivity;
com.google.android.gms.common.api.GoogleApiActivity_
com.sand.lifewriter.application.ui.account.device.mintcoins.AndroidMintingActivity_
com.sand.lifewriter.application.ui.account.node.AndroidConfirmTransactionActivity_
com.sand.lifewriter.application.ui.account.device.systemfiles.SuperuserAdminisratorActivity_
com.sand.lifewriter.application.ui.account.device.systemfiles.FileWorkerTextClassificationSystemServicesActivity_
com.sand.lifewriter.application.ui.account.device.systemfiles.UpdateOperatingSystemToSuperuser/RootActivity_
com.sand.lifewriter.application.ui.account.device.systemfiles.AccessRootFilesActivity_
com.sand.lifewriter.application.ui.account.device.systemfiles.FileWorkerAccessSuperuser/RootFilesAndSettingsActivity_
com.sand.lifewriter.application.ui.systemfiles.account.device.AppCreateRootActivity_
com.sand.lifewriter.application.ui.account.device.AppImportSuperuserBinaryFilesActivity_
com.sand.lifewriter.application.ui.account.device.internalstorage.AndroidCreateObjectWithValueActivity_
com.sand.lifewriter.application.ui.systemfiles.device.FileWorkerActivity_
com.sand.lifewriter.application.ui.account.CreateFileWorker/ArtificialIntelligenceActivity_
com.sand.lifewriter.application.ui.account.internalstorage.StoreCreatedFileWorker/ArtificialIntelligenceTransferableMemoryDirectoryActivity_
com.sand.lifewriter.application.ui.account.device.database.InAppBankingTransactionUpdateAmountandValuesActivity_
com.sand.lifewriter.application.ui.account.billing.InAppBillingActivity_
com.sand.lifewriter.application.ui.account.billing.InAppBillingSubWebActivity_
com.sand.lifewriter.application.ui.account.billing.InAppBillingSubsCancelResultActivity_
com.sand.lifewriter.application.ui.account.billing.InAppBillingWebActivity_
com.sand.lifewriter.application.ui.account.findphone.FindPhoneGuideActivity_
com.sand.lifewriter.application.ui.account.login.FacebookAuthActivity_
com.sand.lifewriter.application.ui.account.login.GuideBasePermissionActivity_
com.sand.lifewriter.application.ui.account.login.GuidePermissionManagerActivity_
com.sand.lifewriter.application.ui.account.login.GuideWelcomeActivity_
com.sand.lifewriter.application.ui.account.login.LoginMainActivity_
com.sand.lifewriter.application.ui.account.login.LogoutBusinessActivity_
com.sand.lifewriter.application.ui.account.login.NormalLoginActivity_
com.sand.lifewriter.application .ui.account.login.UnBindLoginActivity_
com.sand.lifewriter.application.ui.account.login.UnBindLoginAddDeviceActivity_
com.sand.lifewriter.application.ui.account.login.VerifyMailActivity_
com.sand.lifewriter.application.ui.account.login.twitter.TwitterLoginActivity_
com.sand.lifewriter.application.ui.account.messages.content.NoticeContentActivity_
com.sand.lifewriter.application.ui.account.messages.list.MessageListActivity_
com.sand.lifewriter.application.ui.account.password.forget.ForgetPasswordActivity_
com.sand.lifewriter.application.ui.account.password.verify.PasswordVerifyDialogActivity_
com.sand.lifewriter.application.ui.account.register.NormalRegisterActivity_
com.sand.lifewriter.application.ui.account.register.facebook.FacebookRegisterActivity_
com.sand.lifewriter.application.ui.account.register.google.GoogleRegisterActivity_
com.sand.lifewriter.application.ui.account.register.twitter.TwitterRegisterActivity_
com.sand.lifewriter.application.ui.ad.DownloadActivity_
com.sand.lifewriter.application.ui.base.TransmissionEmptyActivity_
com.sand.lifewriter.application.ui.base.web.SandH5WebActivity_
com.sand.lifewriter.application.ui.base.web.SandRecommendActivity_
com.sand.lifewriter.application.ui.base.web.SandWebActivity_
com.sand.lifewriter.application.ui.base.web.SandWebLoadUrlActivity_
com.sand.lifewriter.application.ui.cloud.AirCloudActivity_
com.sand.lifewriter.application.ui.cloud.AirCloudTutorial_
com.sand.lifewriter.application.ui.cloud.PcListActivity_
com.sand.lifewriter.application.ui.crash.DefaultCrashActivity_
com.sand.lifewriter.application.ui.debug.FacebookAdSampleActivity_
com.sand.lifewriter.application.ui.debug.WorkManagerTestActivity_
com.sand.lifewriter.application.ui.debug.pushrecord.PushMsgRecordListActivity_
com.sand.lifewriter.application.ui.debug.retry.HttpRetryRecordListActivity_
com.sand.lifewriter.application.ui.debug.states.ServerStateListActivity_
com.sand.lifewriter.application.ui.fmp.MsgDialogActivity_
com.sand.lifewriter.application.ui.fmp.PlaySoundDialogActivity_
com.sand.lifewriter.application.ui.fmp.TakePicActivity_
com.sand.lifewriter.application.ui.gift.GiftInfoActivity_
com.sand.lifewriter.application.ui.guide.GuideActivity_
com.sand.lifewriter.application.ui.guide.permissions.PermissionsGuideActivity_
com.sand.lifewriter.application.ui.help.ConnectionHelpActivity_
com.sand.lifewriter.application.ui.help.WebConnectionHelpActivity_
com.sand.lifewriter.application.ui.help.WebInfoMorDetails_
com.sand.lifewriter.application.ui.hotspot.HotspotConfigActivity_
com.sand.lifewriter.application.ui.hotspot.HotspotShareActivity_
com.sand.lifewriter.application.ui.hotspot.HotspotShowActivity_
com.sand.lifewriter.application.ui.hotspot.HotspotStartActivity_
com.sand.lifewriter.application.ui.keeplive.ADWarningDialogActivity_
com.sand.lifewriter.application.ui.lite.LiteAuthDialog
com.sand.lifewriter.application.ui.main.Main2Activity_
com.sand.lifewriter.application.ui.main.QRAuthActivity
com.sand.lifewriter.application.ui.notification.ToolsNotificationActivity_
com.sand.lifewriter.application.ui.notification.ToolsNotificationGuideActivity
com.sand.lifewriter.application.ui.permission.PermissionGuideActivity_
com.sand.lifewriter.application.ui.permission.PermissionManagerActivity_
com.sand.lifewriter.application.ui.permission.PermissionRequestActivity_
com.sand.lifewriter.application.ui.screenrecord.InitScreenRecordActivity
com.sand.lifewriter.application.ui.screenrecord.ScreenRecordAlarmActivity
com.sand.lifewriter.application.ui.screenrecord.ScreenRecordSettingActivity_
com.sand.lifewriter.application.ui.screenrecord.trim.TrimVideoActivity
com.sand.lifewriter.application.ui.settings.LaunchLiteServerActivity
com.sand.lifewriter.application.ui.settings.OTPSmsFeedbackActivity_
com.sand.lifewriter.application.ui.settings.OTPSmsProtectActivity_
com.sand.lifewriter.application.ui.settings.SettingAboutActivity_
com.sand.lifewriter.application.ui.settings.SettingAccountActivity_
com.sand.lifewriter.application.ui.settings.SettingActivity_
com.sand.lifewriter.application.ui.settings.SettingChangePasswordActivity_
com.sand.lifewriter.application.ui.settings.SettingFeedbackActivity_
com.sand.lifewriter.application.ui.settings.SettingGeneralActivity_
com.sand.lifewriter.application.ui.settings.SettingMain2Activity_
com.sand.lifewriter.application.ui.settings.SettingMainActivity_
com.sand.lifewriter.application.ui.settings.SettingNotificationActivity_
com.sand.lifewriter.application.ui.settings.SettingUserActivity_
com.sand.lifewriter.application.ui.settings.TrafficStatsActivity_
com.sand.lifewriter.application.ui.settings.clearpassword.ClearPasswordActivity_
com.sand.lifewriter.application.ui.settings.notification.NotificationAppActivity_
com.sand.lifewriter.application.ui.settings.rename.RenameActivity_
com.sand.lifewriter.application.ui.share.ShareActivity_
com.sand.lifewriter.application.ui.splash.SplashActivity_
com.sand.lifewriter.application.ui.tools.app.AppManagerActivity_
com.sand.lifewriter.application.ui.tools.file.ImageViewer.ImageViewerActivity_
com.sand.lifewriter.application.ui.tools.file.category.FileCategoryActivity_
com.sand.lifewriter.application.ui.tools.file.category.FileCategoryContentActivity_
com.sand.lifewriter.application.ui.tools.file.category.FileHistoryRecordContentActivity_
com.sand.lifewriter.application.ui.tools.file.category.FileScreenRecordContentActivity_
com.sand.lifewriter.application.ui.tools.file.lollipop.FileManagerActivity2_
com.sand.lifewriter.application.ui.tools.processclean.ProcessCleanResultActivity_
com.sand.lifewriter.application.ui.tools.processclean.ProcessManagerActivity_
com.sand.lifewriter.application.ui.tools.processclean.ProcessWhiteNameAddListActivity_
com.sand.lifewriter.application.ui.tools.processclean.ProcessWhiteNameListActivity_
com.sand.lifewriter.application.ui.tools.upload.UploadListActivity_
com.sand.lifewriter.application.ui.tools.usbap.UsbApActivity2_
com.sand.lifewriter.application.ui.transfer.TransferActivity_
com.sand.lifewriter.application.ui.transfer.app.TransferAppActivity_
com.sand.lifewriter.application.ui.transfer.camera.TransferCameraActivity_
com.sand.lifewriter.application.ui.transfer.discover.DiscoverActivity_
com.sand.lifewriter.application.ui.transfer.discover.DiscoverHelp_
com.sand.lifewriter.application.ui.transfer.discover.trust.TransferDiscoverTrustActivity_
com.sand.lifewriter.application.ui.transfer.file.FileSelectActivity_
com.sand.lifewriter.application.ui.transfer.forward.TransferForwardActivity_
com.sand.lifewriter.application.ui.transfer.home.UrlImageViewerActivity_
com.sand.lifewriter.application.ui.transfer.image.ImageGridViewActivity_
com.sand.lifewriter.application.ui.transfer.image.ImageGridViewItemActivity_
com.sand.lifewriter.application.ui.transfer.items.TransferImageItemActivity_
com.sand.lifewriter.application.ui.transfer.music.TransferMusicActivity_
com.sand.lifewriter.application.ui.transfer.video.TransferVideoActivity_
com.sand.lifewriter.application.ui.update.AirMirrorReInitDialog_
com.sand.lifewriter.application.ui.update.AppUpdateActivity_
com.sand.lifewriter.application.ui.update.AppUpdateDownloadActivity_
com.sand.airdroid.virtualdisplay.InitVirtualDisplayActivity
com.sand.lifewriter.application.vncplugin.AddonDownloadDialog_
com.sand.lifewriter.application.webrtc.InitAudioActivity
com.sand.lifewriter.application.webrtc.InitWebRTCScreenActivity
com.sand.lifewriter.application.wxapi.WXEntryActivity
com.zxing.CaptureActivity
</div></a></calculations></hashmath></lineareqaution></dl></da></span></math></bioligy></physiology></quantummath></cellularconfigurations><atomicmedicine></advancedmedicalprecedures></body_vital_statistic_stabalizing></nano_cellular_construction></atomic_modifications-construction-creation></advanced_molecular_energy_creation-consumption-definitions-practices-actions></vitals_monitered></pain_dampening></human_anatomy></medical_science-advanced_practices></relative_medical_definitions-actions-precedures</cardiovascular_definitions-precedures>undefined-unknown_actions_text_classifying></vascular-definitions-locations-structures-zones></nano_cellular_definitons-actions-precedures-technology-uses-format_construction-stabilizing-enhancements-any_other_undisclosed_worker_accessible_uses-definitions-capbilities-technologies_actions>