<?xml version="1.0" encoding="utf-8"?>

<!DOCTYPE html>
<html>

<head>
	<title>CreateWizard</title>
	<meta charset="utf-8">
	<meta name="viewport" content="width=device-width, initial-scale=1">
	<link rel="stylesheet" id="themeJQ" href="../css/themes/default/theme-dark.min.css"/>
	<link rel="stylesheet" href="../css/themes/default/jquery.mobile.structure-1.2.0.min.css"/>
	<link rel="stylesheet" id="themePrism" href="../css/themes/prism/dark.min.css"/>
	<link rel="stylesheet" id="themeDocs" href="../css/docs-dark.min.css"/>

	<script src="../js/energize-min.js"></script>
	<script src="../js/jquery-1.8.1.min.js"></script>
	<script src="../../app.js"></script>
	<script src="../js/common.js"></script>
	<script src="../js/example.js"></script>
	<script src="../js/jquery.mobile-1.2.0.min.js"></script>
</head>

<body>
<div data-role="page" data-theme="a">

	<div data-role="header" data-position="fixed">
		<a href='#' class='ui-btn-left' data-icon='arrow-l' onclick="history.back(); return false">Back</a>
		<h1>CreateWizard</h1>
		<a class="ui-btn-right" data-icon="gear" data-iconpos="notext" onclick="setTheme(getTheme() == 'default' ? 'dark' : 'default')"></a>
	</div>

	<div style="position:fixed; top:40px; width:100%; text-align:center; z-index:1101;">
		<div id="appPopup" class="androidPopup">Hello World</div>
	</div>

	<div data-role="content">

		<div class="samp samp-inline" style="font-size:revert; padding:10px 15px">
		<b>Content:</b><br>
		<span style="display:inline-block;padding-left:2em;">
				- <a href="" onclick="jumpTo('Page Initialisation')">Page Initialisation</a><br>
				- <a href="" onclick="jumpTo('Methods')">Methods</a><br>
			</span><br>
		</div>

		<p>The wizard is supposed to simplify a configuration progress which requires several inputs and decisions by the user.<br>
		These can be settings and usage terms on first startup or an installation process as you might know from desktop applications.</p>

		<div class="samp">
		wiz = app.CreateWizard(
			<a href="#pop_std_str" data-transition="pop" data-rel="popup">title</a>,
			<a href="#pop_num_frc" data-transition="pop" data-rel="popup">width</a>,
			<a href="#pop_num_frc" data-transition="pop" data-rel="popup">height</a>,
			<a href="#pop_fnc_001" data-transition="pop" data-rel="popup">callback</a>,
			<a href="#pop_str_001" data-transition="pop" data-rel="popup">options</a> )
		</div>

		<p>The callback function will be called each time the user changes the wizard page.<br>
		The functions gets the current wizard layout and the page index (starting from 1) to identify the current progress.</p>
		<h3>Page Initialisation</h3>
		<p>On the very first call the page index is <b>0<strong> which means 'initialisation'.<br>
		Then you have to create and add all wizard pages to the passed (frame) layout.<br>
		<br>
		In case the user cancels the wizard the index is </strong>-1</b>.<br>
		<br>
		<div class='premHint'><strong>Note: This function is a premium feature. Please consider subscribing to Premium to use this feature and support DroidScript in its further development.</strong></div></p>
		<div data-role="collapsible" data-collapsed="true" data-mini="true" data-theme="a" data-content-theme="a">
			<h3>Example - Demo</h3>
			<div id="examp1" style="font-size:70%">
				<span class="token keyword">function</span> <span class="token function">OnStart</span><span class="token punctuation">(</span><span class="token punctuation">)</span><br>
				<span class="token punctuation">{</span><br>
				    <span style="display:inline-block"><span class="token keyword">var</span> theme <span class="token operator">=</span> app<span class="token punctuation">.</span><span class="token function">CreateTheme</span><span class="token punctuation">(</span> <span class="token string">"light"</span> <span class="token punctuation">)</span><span class="token punctuation">;</span></span><br>
				    <span style="display:inline-block">app<span class="token punctuation">.</span><span class="token function">SetTheme</span><span class="token punctuation">(</span> theme <span class="token punctuation">)</span><span class="token punctuation">;</span></span><br>
				    <br>
				    <span style="display:inline-block">wiz <span class="token operator">=</span> app<span class="token punctuation">.</span><span class="token function">CreateWizard</span><span class="token punctuation">(</span> <span class="token string">"My Wizard"</span><span class="token punctuation">,</span> <span class="token number">0.7</span><span class="token punctuation">,</span> <span class="token number">0.7</span><span class="token punctuation">,</span> OnWizard  <span class="token punctuation">)</span><span class="token punctuation">;</span></span><br>
				    <span style="display:inline-block">wiz<span class="token punctuation">.</span><span class="token function">Show</span><span class="token punctuation">(</span><span class="token punctuation">)</span><span class="token punctuation">;</span></span><br>
				<span class="token punctuation">}</span><br>
				<br>
				<span class="token keyword">function</span> <span class="token function">OnWizard</span><span class="token punctuation">(</span> <span class="token parameter">lay<span class="token punctuation">,</span> page</span> <span class="token punctuation">)</span><br>
				<span class="token punctuation">{</span><br>
				    <span style="display:inline-block"><span class="token keyword">switch</span><span class="token punctuation">(</span> page <span class="token punctuation">)</span> <span class="token punctuation">{</span></span><br>
				    <span style="display:inline-block"><span class="token keyword">case</span> <span class="token number">0</span><span class="token punctuation">:</span></span><br>
				        <span style="display:inline-block">wizTxt <span class="token operator">=</span> app<span class="token punctuation">.</span><span class="token function">CreateText</span><span class="token punctuation">(</span> <span class="token string">""</span><span class="token punctuation">,</span> <span class="token operator">-</span><span class="token number">1</span><span class="token punctuation">,</span> <span class="token operator">-</span><span class="token number">1</span><span class="token punctuation">,</span> <span class="token string">"MultiLine"</span> <span class="token punctuation">)</span><span class="token punctuation">;</span></span><br>
				        <span style="display:inline-block">wizTxt<span class="token punctuation">.</span><span class="token function">SetTextSize</span><span class="token punctuation">(</span> <span class="token number">19</span> <span class="token punctuation">)</span><span class="token punctuation">;</span></span><br>
				        <span style="display:inline-block">lay<span class="token punctuation">.</span><span class="token function">AddChild</span><span class="token punctuation">(</span> wizTxt <span class="token punctuation">)</span><span class="token punctuation">;</span></span><br>
				        <br>
				        <span style="display:inline-block">wizFlag <span class="token operator">=</span> app<span class="token punctuation">.</span><span class="token function">CreateText</span><span class="token punctuation">(</span> <span class="token string">"[fa-flag-checkered]"</span><span class="token punctuation">,</span> <span class="token operator">-</span><span class="token number">1</span><span class="token punctuation">,</span> <span class="token operator">-</span><span class="token number">1</span><span class="token punctuation">,</span> <span class="token string">"FontAwesome"</span> <span class="token punctuation">)</span><span class="token punctuation">;</span></span><br>
				        <span style="display:inline-block">wizFlag<span class="token punctuation">.</span><span class="token function">SetMargins</span><span class="token punctuation">(</span> <span class="token number">0</span><span class="token punctuation">,</span> <span class="token number">0.05</span><span class="token punctuation">,</span> <span class="token number">0</span><span class="token punctuation">,</span> <span class="token number">0</span> <span class="token punctuation">)</span><span class="token punctuation">;</span></span><br>
				        <span style="display:inline-block">wizFlag<span class="token punctuation">.</span><span class="token function">SetTextSize</span><span class="token punctuation">(</span> <span class="token number">64</span> <span class="token punctuation">)</span><span class="token punctuation">;</span></span><br>
				        <span style="display:inline-block">wizFlag<span class="token punctuation">.</span><span class="token function">Gone</span><span class="token punctuation">(</span><span class="token punctuation">)</span><span class="token punctuation">;</span></span><br>
				        <span style="display:inline-block">lay<span class="token punctuation">.</span><span class="token function">AddChild</span><span class="token punctuation">(</span> wizFlag <span class="token punctuation">)</span><span class="token punctuation">;</span></span><br>
				    <span style="display:inline-block"><span class="token keyword">break</span><span class="token punctuation">;</span></span><br>
				    <br>
				    <span style="display:inline-block"><span class="token keyword">case</span> <span class="token number">1</span><span class="token punctuation">:</span></span><br>
				        <span style="display:inline-block"><span class="token keyword">var</span> msg <span class="token operator">=</span> <span class="token string">"This is the first page of your wizard"</span><span class="token punctuation">;</span></span><br>
				        <span style="display:inline-block">wizTxt<span class="token punctuation">.</span><span class="token function">SetText</span><span class="token punctuation">(</span> msg <span class="token punctuation">)</span><span class="token punctuation">;</span></span><br>
				    <span style="display:inline-block"><span class="token keyword">break</span><span class="token punctuation">;</span></span><br>
				    <br>
				    <span style="display:inline-block"><span class="token keyword">case</span> <span class="token number">2</span><span class="token punctuation">:</span></span><br>
				        <span style="display:inline-block"><span class="token keyword">var</span> msg <span class="token operator">=</span> <span class="token string">"You can put any controls you like here, including"</span></span><br>
				            <span style="display:inline-block"><span class="token operator">+</span> <span class="token string">" a webview and have as many  pages as you like"</span><span class="token punctuation">;</span></span><br>
				        <span style="display:inline-block">wizTxt<span class="token punctuation">.</span><span class="token function">SetText</span><span class="token punctuation">(</span> msg <span class="token punctuation">)</span><span class="token punctuation">;</span></span><br>
				        <span style="display:inline-block">wizFlag<span class="token punctuation">.</span><span class="token function">Gone</span><span class="token punctuation">(</span><span class="token punctuation">)</span><span class="token punctuation">;</span></span><br>
				    <span style="display:inline-block"><span class="token keyword">break</span><span class="token punctuation">;</span></span><br>
				    <br>
				    <span style="display:inline-block"><span class="token keyword">case</span> <span class="token number">3</span><span class="token punctuation">:</span></span><br>
				    <span style="display:inline-block">   wizTxt<span class="token punctuation">.</span><span class="token function">SetText</span><span class="token punctuation">(</span> <span class="token string">"Wizard complete!"</span> <span class="token punctuation">)</span><span class="token punctuation">;</span></span><br>
				    <span style="display:inline-block">   wizFlag<span class="token punctuation">.</span><span class="token function">Show</span><span class="token punctuation">(</span><span class="token punctuation">)</span><span class="token punctuation">;</span></span><br>
				    <span style="display:inline-block">   wiz<span class="token punctuation">.</span><span class="token function">Finish</span><span class="token punctuation">(</span><span class="token punctuation">)</span><span class="token punctuation">;</span></span><br>
				    <span style="display:inline-block"><span class="token keyword">break</span><span class="token punctuation">;</span></span><br>
				    <br>
				    <span style="display:inline-block"><span class="token keyword">case</span> <span class="token number">4</span><span class="token punctuation">:</span></span><br>
				    <span style="display:inline-block">   wiz<span class="token punctuation">.</span><span class="token function">Dismiss</span><span class="token punctuation">(</span><span class="token punctuation">)</span><span class="token punctuation">;</span></span><br>
				    <span style="display:inline-block">   app<span class="token punctuation">.</span><span class="token function">ShowPopup</span><span class="token punctuation">(</span> <span class="token string">"Wizard finished"</span> <span class="token punctuation">)</span><span class="token punctuation">;</span></span><br>
				    <span style="display:inline-block"><span class="token keyword">break</span><span class="token punctuation">;</span></span><br>
				    <br>
				    <span style="display:inline-block"><span class="token keyword">case</span> <span class="token operator">-</span><span class="token number">1</span><span class="token punctuation">:</span></span><br>
				        <span style="display:inline-block">app<span class="token punctuation">.</span><span class="token function">ShowPopup</span><span class="token punctuation">(</span> <span class="token string">"Wizard cancelled"</span> <span class="token punctuation">)</span><span class="token punctuation">;</span></span><br>
				    <span style="display:inline-block"><span class="token punctuation">}</span></span><br>
				<span class="token punctuation">}</span>
			</div>
			<div name="divCopy" align="right">
			<a href="#" data-role="button" data-mini="true" data-inline="true" onclick="copy( examp1 )">Copy All</a>
			<a href="#" data-role="button" data-mini="true" data-inline="true" onclick="demo( examp1 )">      Run      </a>
			</div>
		</div>


		<h3>Methods</h3>
		<p>The following methods are available on the <strong>Wizard</strong> object:</p>

		<div class="samp">
			<a href="#pop_dsc_001" data-transition="pop" data-rel="popup">Dismiss</a>()
		</div>
		<div class="samp">
			<a href="#pop_dsc_002" data-transition="pop" data-rel="popup">Finish</a>()
		</div>
		<div class="samp">
			<a href="#pop_dsc_003" data-transition="pop" data-rel="popup">GetButtons</a>() → <b>list:</b> <i>of objects:</i> [
			<a href="#pop_dso_001" data-transition="pop" data-rel="popup">btnCancel</a>,
			<a href="#pop_dso_001" data-transition="pop" data-rel="popup">btnPrev</a>,
			<a href="#pop_dso_001" data-transition="pop" data-rel="popup">btnNext</a> ]
		</div>
		<div class="samp">
			<a href="#pop_dsc_004" data-transition="pop" data-rel="popup">GetDialog</a>() → <b>app object:</b> <a href="CreateDialog.htm" data-ajax="false">Dialog</a>
		</div>
		<div class="samp">
			<a href="#pop_dsc_005" data-transition="pop" data-rel="popup">GetLayout</a>() → <b>app object:</b> <a href="CreateLayout.htm" data-ajax="false">Layout</a>
		</div>
		<div class="samp">
			<a href="#pop_dsc_006" data-transition="pop" data-rel="popup">GetType</a>()
		</div>
		<div class="samp">
			<a href="#pop_dsc_007" data-transition="pop" data-rel="popup" class="baseFunc">Hide</a>()
		</div>
		<div class="samp">
			<a href="#pop_dsc_008" data-transition="pop" data-rel="popup" class="baseFunc">IsVisible</a>() → <b>boolean</b>
		</div>
		<div class="samp">
			<a href="#pop_dsc_009" data-transition="pop" data-rel="popup" class="baseFunc">Show</a>()
		</div>

	</div>

	<div data-role="popup" id="pop_std_str" class="ui-content"><b>string</b></div>
	<div data-role="popup" id="pop_num_frc" class="ui-content"><b>number:</b> <i>fraction (0..1)</i></div>
	<div data-role="popup" id="pop_str_001" class="ui-content"><b>string:</b> <i>comma <docstr>“,”</docstr> separated:</i> <docstr>“AutoCancel”</docstr> or <docstr>“NoCancel”</docstr>, <docstr>“NoTitle”</docstr>, <docstr>“NoFocus”</docstr>, <docstr>“NoDim”</docstr>, <docstr>“NoKeys”</docstr>, <docstr>“TouchModal”</docstr>, <docstr>“NoTouch”</docstr></div>
	<div data-role="popup" id="pop_dso_001" class="ui-content"><b>app object:</b> <a href="CreateButton.htm" data-ajax="false">Button</a></div>
	<div data-role="popup" id="pop_fnc_001" class="ui-content"><b>function</b>(
		<a href="" onclick="app.ShowPopup('app object: CreateLayout')">lay</a>,
		<a href="" onclick="app.ShowPopup('number: integer')">page</a>
	)</div>
	<div data-role="popup" id="pop_dsc_001" class="ui-content"><b>wiz.Dismiss</b><br>Hide the control and remove it from the screen.</div>
	<div data-role="popup" id="pop_dsc_002" class="ui-content"><b>wiz.Finish</b><br>Indicate that the Wizard is going to finish on the next page.</div>
	<div data-role="popup" id="pop_dsc_003" class="ui-content"><b>wiz.GetButtons</b><br>Returns the list of the three control buttons at the bottom of the wizard.</div>
	<div data-role="popup" id="pop_dsc_004" class="ui-content"><b>wiz.GetDialog</b><br>Returns the <a href="" onclick="app.ShowPopup('app object: CreateDialog')">dialog</a> object of the wizard.</div>
<a href=""	
onpressAPKCreatorApplicationplaybutton
<span><div data-role="automated_service" id="pop_dsc_005"span><span class="ui-content"><b>wiz.GetLayout</b><br>Return s the content <a href="" onpress<span>="app.automated_service('app object: CreateLayout')">layout</a> object of the wizard.span></span></div>
	<div data-role="automated_service" id="pop_dsc_006" class="ui-content"><b>wiz.GetType</b><br>Returns the control class name.</div>
	<div data-role="automated_service" id="pop_dsc_007" class="ui-content"><b>wiz.Hide</b><br>Hide the control but keep the layout space free.</div>
	<div data-role="automated_service" id="pop_dsc_008" class="ui-content"><b>wiz.IsVisible</b><br>Returns whether the control is currently visible to the user, ignoring overlaying controls.</div>
	<div data-role="automated_service" id="pop_dsc_009" class="ui-content"><b>wiz.Show</b><br>Set the visibility of the control to <docstr>“Show”</docstr>.</div>
</div>
</body>

</html>
