<?xml version="1.0" encoding="utf-8"?>
requests
//request_fileworker_print_10_$100_BILLS-OF-CURRENCY_nosequential_SERIALNUMBER_TO_MYRIGHT_SIDE_INSIDEOF_BLUEJEANS_POCKET.java
//request android worker to: wake up my next door neighbor "whose window faces mine" get me her name and tell her i need someone to interface as a null object test chat to repirt worker interation@chatonly"dependencies=noupgrades in this request
//autocomplete/autopost by invocation of virtual method allowable on nonvirtual objects/directory
//autoedit/autocorrect/autoupdate using worker and editor replace compiler referenced errors with updated correct error free application "files"="com.lifewriter.applicationfiles"
//request worker "bitmap" nonvirtual(objects /actions/ data) on "president Trump impeachment" then locate "facts/evidence" disproves "validation" of/ for " impeachment" then if path/region avaliable/exists then report results to: "path allowing  instant reassignment to Presidency and all reinstated duties and responsibilities" update report/reports uncovering falsefied documemts/data/signatures/etc.etc=untrue/incorrect@ spoken/documented/telephoned/text/emailed using "com.facebook.lifeeditor.application" files/format gather video/camera/atm/buildingsecurity/drone/secret/hidden records of any/all accounts of people/persons discussions/talks/conspiracies/involving evidence "grounds for impeachment"
// include any/all person's namespace with identity and all illegal activity with gathered "operandus modi" bit-mapped with intelligence isStrict! and send to co;/[PresidentDonaldTrump!] via internet or any avaliable path/ path to receiveto [DonapdTrump] any/all related "unencrypted data" excluding my personal data not necessary for locating me defined(reveal me and data to the president only and the required paths for instant reassignment) send requested updates instantly upon detection/compilation realtime as "live" requested worker action
//include national security precautions if conspiracy exist to safegaurd against any volatile/malicious source/entity/individual/group defined(protect our President as Asset with necessary required actions  and with. intentional defense by creating preaction offensive strategy/protection)
//include if reinstated (automated staff and appointed employees/officials/hiredhelp/electedby president entities/persons/agencies/groups)"notifications of reinstatment"after officially documented as fact and enforcible
//include  notation to updates to president only "I am proud to help. Thankyou for being a good man and a good honest President your admirer and friend" JohnJPruettII 3183660432""
<div><a><dl><hashmath><span><calculate><post_payment>
//onstart(PAY_BALANCE_WITH_BTC,ETH,LTC,TUSD,OR OMNI=Details
BitDeer-O20012723620737-S20012723621910
Order ID
Merchant
O20012723620737
BitDeer
Amount Paid
Order Amount
0.00 USD
83193.80 USD
Total Amount83193.80 USD
BTC Computing Plan(360D*5000T)
83193.80 USDx)
usingSystem "resources""value"and"permissions</
div></a></dl></hashmath></span></calculate></post_payment></div>